CLIENT,ALIGNMENT,TERRITORY,Old Territory,OUTLET,,,,,,,,,,,,,
299,M,00000000,00000000,A0A 000,,,,,,,,,,,,,
299,M,00000000,00000000,A0B 000,,,,,,,,,,,,,
299,M,00000000,00000000,A0C 000,,,,,,,,,,,,,
299,M,00000000,00000000,A0E 000,,,,,,,,,,,,,
299,M,00000000,00000000,A0G 000,,,,,,,,,,,,,
299,M,00000000,00000000,A0H 000,,,,,,,,,,,,,
299,M,00000000,00000000,A0J 000,,,,,,,,,,,,,
299,M,00000000,00000000,A0K 000,,,,,,,,,,,,,
299,M,00000000,00000000,A0L 000,,,,,,,,,,,,,
299,M,00000000,00000000,A0M 000,,,,,,,,,,,,,
299,M,00000000,00000000,A0N 000,,,,,,,,,,,,,
299,M,00000000,00000000,A0P 000,,,,,,,,,,,,,
299,M,00000000,00000000,A0R 000,,,,,,,,,,,,,
299,M,00000000,00000000,A1A 000,,,,,,,,,,,,,
299,M,00000000,00000000,A1B 000,,,,,,,,,,,,,
299,M,00000000,00000000,A1C 000,,,,,,,,,,,,,
299,M,00000000,00000000,A1E 000,,,,,,,,,,,,,
299,M,00000000,00000000,A1G 000,,,,,,,,,,,,,
299,M,00000000,00000000,A1H 000,,,,,,,,,,,,,
299,M,00000000,00000000,A1K 000,,,,,,,,,,,,,
299,M,00000000,00000000,A1L 000,,,,,,,,,,,,,
299,M,00000000,00000000,A1M 000,,,,,,,,,,,,,
299,M,00000000,00000000,A1N 000,,,,,,,,,,,,,
299,M,00000000,00000000,A1S 000,,,,,,,,,,,,,
299,M,00000000,00000000,A1V 000,,,,,,,,,,,,,
299,M,00000000,00000000,A1W 000,,,,,,,,,,,,,
299,M,00000000,00000000,A1X 000,,,,,,,,,,,,,
299,M,00000000,00000000,A1Y 000,,,,,,,,,,,,,
299,M,00000000,00000000,A2A 000,,,,,,,,,,,,,
299,M,00000000,00000000,A2B 000,,,,,,,,,,,,,
299,M,00000000,00000000,A2H 000,,,,,,,,,,,,,
299,M,00000000,00000000,A2N 000,,,,,,,,,,,,,
299,M,00000000,00000000,A2V 000,,,,,,,,,,,,,
299,M,00000000,00000000,A5A 000,,,,,,,,,,,,,
299,M,00000000,00000000,A8A 000,,,,,,,,,,,,,
299,M,00000000,00000000,B0A 000,,,,,,,,,,,,,
299,M,00000000,00000000,B0C 000,,,,,,,,,,,,,
299,M,00000000,00000000,B0E 000,,,,,,,,,,,,,
299,M,00000000,00000000,B0H 000,,,,,,,,,,,,,
299,M,00000000,00000000,B0J 000,,,,,,,,,,,,,
299,M,00000000,00000000,B0K 000,,,,,,,,,,,,,
299,M,00000000,00000000,B0L 000,,,,,,,,,,,,,
299,M,00000000,00000000,B0M 000,,,,,,,,,,,,,
299,M,00000000,00000000,B0N 000,,,,,,,,,,,,,
299,M,00000000,00000000,B0P 000,,,,,,,,,,,,,
299,M,00000000,00000000,B0R 000,,,,,,,,,,,,,
299,M,00000000,00000000,B0S 000,,,,,,,,,,,,,
299,M,00000000,00000000,B0T 000,,,,,,,,,,,,,
299,M,00000000,00000000,B0V 000,,,,,,,,,,,,,
299,M,00000000,00000000,B0W 000,,,,,,,,,,,,,
299,M,00000000,00000000,B1A 000,,,,,,,,,,,,,
299,M,00000000,00000000,B1C 000,,,,,,,,,,,,,
299,M,00000000,00000000,B1E 000,,,,,,,,,,,,,
299,M,00000000,00000000,B1G 000,,,,,,,,,,,,,
299,M,00000000,00000000,B1H 000,,,,,,,,,,,,,
299,M,00000000,00000000,B1K 000,,,,,,,,,,,,,
299,M,00000000,00000000,B1L 000,,,,,,,,,,,,,
299,M,00000000,00000000,B1M 000,,,,,,,,,,,,,
299,M,00000000,00000000,B1N 000,,,,,,,,,,,,,
299,M,00000000,00000000,B1P 000,,,,,,,,,,,,,
299,M,00000000,00000000,B1R 000,,,,,,,,,,,,,
299,M,00000000,00000000,B1S 000,,,,,,,,,,,,,
299,M,00000000,00000000,B1V 000,,,,,,,,,,,,,
299,M,00000000,00000000,B1W 000,,,,,,,,,,,,,
299,M,00000000,00000000,B2A 000,,,,,,,,,,,,,
299,M,00000000,00000000,B2G 000,,,,,,,,,,,,,
299,M,00000000,00000000,B2H 000,,,,,,,,,,,,,
299,M,00000000,00000000,B2L 000,,,,,,,,,,,,,
299,M,00000000,00000000,B2N 000,,,,,,,,,,,,,
299,M,00000000,00000000,B2S 000,,,,,,,,,,,,,
299,M,00000000,00000000,B2T 000,,,,,,,,,,,,,
299,M,00000000,00000000,B2V 000,,,,,,,,,,,,,
299,M,00000000,00000000,B2W 000,,,,,,,,,,,,,
299,M,00000000,00000000,B2X 000,,,,,,,,,,,,,
299,M,00000000,00000000,B2Y 000,,,,,,,,,,,,,
299,M,00000000,00000000,B2Z 000,,,,,,,,,,,,,
299,M,00000000,00000000,B3A 000,,,,,,,,,,,,,
299,M,00000000,00000000,B3B 000,,,,,,,,,,,,,
299,M,00000000,00000000,B3C 000,,,,,,,,,,,,,
299,M,00000000,00000000,B3E 000,,,,,,,,,,,,,
299,M,00000000,00000000,B3G 000,,,,,,,,,,,,,
299,M,00000000,00000000,B3H 000,,,,,,,,,,,,,
299,M,00000000,00000000,B3J 000,,,,,,,,,,,,,
299,M,00000000,00000000,B3K 000,,,,,,,,,,,,,
299,M,00000000,00000000,B3L 000,,,,,,,,,,,,,
299,M,00000000,00000000,B3M 000,,,,,,,,,,,,,
299,M,00000000,00000000,B3N 000,,,,,,,,,,,,,
299,M,00000000,00000000,B3P 000,,,,,,,,,,,,,
299,M,00000000,00000000,B3R 000,,,,,,,,,,,,,
299,M,00000000,00000000,B3S 000,,,,,,,,,,,,,
299,M,00000000,00000000,B3T 000,,,,,,,,,,,,,
299,M,00000000,00000000,B3Z 000,,,,,,,,,,,,,
299,M,00000000,00000000,B4A 000,,,,,,,,,,,,,
299,M,00000000,00000000,B4B 000,,,,,,,,,,,,,
299,M,00000000,00000000,B4C 000,,,,,,,,,,,,,
299,M,00000000,00000000,B4E 000,,,,,,,,,,,,,
299,M,00000000,00000000,B4G 000,,,,,,,,,,,,,
299,M,00000000,00000000,B4H 000,,,,,,,,,,,,,
299,M,00000000,00000000,B4M 000,,,,,,,,,,,,,
299,M,00000000,00000000,B4N 000,,,,,,,,,,,,,
299,M,00000000,00000000,B4P 000,,,,,,,,,,,,,
299,M,00000000,00000000,B4R 000,,,,,,,,,,,,,
299,M,00000000,00000000,B4V 000,,,,,,,,,,,,,
299,M,00000000,00000000,B5A 000,,,,,,,,,,,,,
299,M,00000000,00000000,B8Y 000,,,,,,,,,,,,,
299,M,00000000,00000000,B9A 000,,,,,,,,,,,,,
299,M,00000000,00000000,C0A 000,,,,,,,,,,,,,
299,M,00000000,00000000,C0B 000,,,,,,,,,,,,,
299,M,00000000,00000000,C1A 000,,,,,,,,,,,,,
299,M,00000000,00000000,C1B 000,,,,,,,,,,,,,
299,M,00000000,00000000,C1C 000,,,,,,,,,,,,,
299,M,00000000,00000000,C1E 000,,,,,,,,,,,,,
299,M,00000000,00000000,C1M 000,,,,,,,,,,,,,
299,M,00000000,00000000,C1N 000,,,,,,,,,,,,,
299,M,00000000,00000000,E0A 000,,,,,,,,,,,,,
299,M,00000000,00000000,E0B 000,,,,,,,,,,,,,
299,M,00000000,00000000,E0C 000,,,,,,,,,,,,,
299,M,00000000,00000000,E0E 000,,,,,,,,,,,,,
299,M,00000000,00000000,E0G 000,,,,,,,,,,,,,
299,M,00000000,00000000,E0H 000,,,,,,,,,,,,,
299,M,00000000,00000000,E0J 000,,,,,,,,,,,,,
299,M,00000000,00000000,E0K 000,,,,,,,,,,,,,
299,M,00000000,00000000,E0L 000,,,,,,,,,,,,,
299,M,00000000,00000000,E0M 000,,,,,,,,,,,,,
299,M,00000000,00000000,E0S 000,,,,,,,,,,,,,
299,M,00000000,00000000,E0W 000,,,,,,,,,,,,,
299,M,00000000,00000000,E0Z 000,,,,,,,,,,,,,
299,M,00000000,00000000,E1A 000,,,,,,,,,,,,,
299,M,00000000,00000000,E1B 000,,,,,,,,,,,,,
299,M,00000000,00000000,E1C 000,,,,,,,,,,,,,
299,M,00000000,00000000,E1E 000,,,,,,,,,,,,,
299,M,00000000,00000000,E1G 000,,,,,,,,,,,,,
299,M,00000000,00000000,E1H 000,,,,,,,,,,,,,
299,M,00000000,00000000,E1N 000,,,,,,,,,,,,,
299,M,00000000,00000000,E1V 000,,,,,,,,,,,,,
299,M,00000000,00000000,E1W 000,,,,,,,,,,,,,
299,M,00000000,00000000,E1X 000,,,,,,,,,,,,,
299,M,00000000,00000000,E2A 000,,,,,,,,,,,,,
299,M,00000000,00000000,E2E 000,,,,,,,,,,,,,
299,M,00000000,00000000,E2G 000,,,,,,,,,,,,,
299,M,00000000,00000000,E2H 000,,,,,,,,,,,,,
299,M,00000000,00000000,E2J 000,,,,,,,,,,,,,
299,M,00000000,00000000,E2K 000,,,,,,,,,,,,,
299,M,00000000,00000000,E2L 000,,,,,,,,,,,,,
299,M,00000000,00000000,E2M 000,,,,,,,,,,,,,
299,M,00000000,00000000,E2N 000,,,,,,,,,,,,,
299,M,00000000,00000000,E2P 000,,,,,,,,,,,,,
299,M,00000000,00000000,E2R 000,,,,,,,,,,,,,
299,M,00000000,00000000,E2S 000,,,,,,,,,,,,,
299,M,00000000,00000000,E2V 000,,,,,,,,,,,,,
299,M,00000000,00000000,E3A 000,,,,,,,,,,,,,
299,M,00000000,00000000,E3B 000,,,,,,,,,,,,,
299,M,00000000,00000000,E3C 000,,,,,,,,,,,,,
299,M,00000000,00000000,E3E 000,,,,,,,,,,,,,
299,M,00000000,00000000,E3L 000,,,,,,,,,,,,,
299,M,00000000,00000000,E3N 000,,,,,,,,,,,,,
299,M,00000000,00000000,E3V 000,,,,,,,,,,,,,
299,M,00000000,00000000,E3Y 000,,,,,,,,,,,,,
299,M,00000000,00000000,E3Z 000,,,,,,,,,,,,,
299,M,00000000,00000000,E4A 000,,,,,,,,,,,,,
299,M,00000000,00000000,E4B 000,,,,,,,,,,,,,
299,M,00000000,00000000,E4C 000,,,,,,,,,,,,,
299,M,00000000,00000000,E4E 000,,,,,,,,,,,,,
299,M,00000000,00000000,E4H 000,,,,,,,,,,,,,
299,M,00000000,00000000,E4J 000,,,,,,,,,,,,,
299,M,00000000,00000000,E4K 000,,,,,,,,,,,,,
299,M,00000000,00000000,E4L 000,,,,,,,,,,,,,
299,M,00000000,00000000,E4M 000,,,,,,,,,,,,,
299,M,00000000,00000000,E4N 000,,,,,,,,,,,,,
299,M,00000000,00000000,E4P 000,,,,,,,,,,,,,
299,M,00000000,00000000,E4R 000,,,,,,,,,,,,,
299,M,00000000,00000000,E4S 000,,,,,,,,,,,,,
299,M,00000000,00000000,E4T 000,,,,,,,,,,,,,
299,M,00000000,00000000,E4V 000,,,,,,,,,,,,,
299,M,00000000,00000000,E4W 000,,,,,,,,,,,,,
299,M,00000000,00000000,E4X 000,,,,,,,,,,,,,
299,M,00000000,00000000,E4Y 000,,,,,,,,,,,,,
299,M,00000000,00000000,E4Z 000,,,,,,,,,,,,,
299,M,00000000,00000000,E5B 000,,,,,,,,,,,,,
299,M,00000000,00000000,E5C 000,,,,,,,,,,,,,
299,M,00000000,00000000,E5E 000,,,,,,,,,,,,,
299,M,00000000,00000000,E5G 000,,,,,,,,,,,,,
299,M,00000000,00000000,E5H 000,,,,,,,,,,,,,
299,M,00000000,00000000,E5J 000,,,,,,,,,,,,,
299,M,00000000,00000000,E5K 000,,,,,,,,,,,,,
299,M,00000000,00000000,E5L 000,,,,,,,,,,,,,
299,M,00000000,00000000,E5M 000,,,,,,,,,,,,,
299,M,00000000,00000000,E5N 000,,,,,,,,,,,,,
299,M,00000000,00000000,E5T 000,,,,,,,,,,,,,
299,M,00000000,00000000,E5Y 000,,,,,,,,,,,,,
299,M,00000000,00000000,E6A 000,,,,,,,,,,,,,
299,M,00000000,00000000,E6B 000,,,,,,,,,,,,,
299,M,00000000,00000000,E6G 000,,,,,,,,,,,,,
299,M,00000000,00000000,E6J 000,,,,,,,,,,,,,
299,M,00000000,00000000,E6K 000,,,,,,,,,,,,,
299,M,00000000,00000000,E6L 000,,,,,,,,,,,,,
299,M,00000000,00000000,E7A 000,,,,,,,,,,,,,
299,M,00000000,00000000,E7B 000,,,,,,,,,,,,,
299,M,00000000,00000000,E7C 000,,,,,,,,,,,,,
299,M,00000000,00000000,E7E 000,,,,,,,,,,,,,
299,M,00000000,00000000,E7G 000,,,,,,,,,,,,,
299,M,00000000,00000000,E7H 000,,,,,,,,,,,,,
299,M,00000000,00000000,E7J 000,,,,,,,,,,,,,
299,M,00000000,00000000,E7K 000,,,,,,,,,,,,,
299,M,00000000,00000000,E7L 000,,,,,,,,,,,,,
299,M,00000000,00000000,E7M 000,,,,,,,,,,,,,
299,M,00000000,00000000,E7P 000,,,,,,,,,,,,,
299,M,00000000,00000000,E7X 000,,,,,,,,,,,,,
299,M,00000000,00000000,E8A 000,,,,,,,,,,,,,
299,M,00000000,00000000,E8B 000,,,,,,,,,,,,,
299,M,00000000,00000000,E8C 000,,,,,,,,,,,,,
299,M,00000000,00000000,E8E 000,,,,,,,,,,,,,
299,M,00000000,00000000,E8G 000,,,,,,,,,,,,,
299,M,00000000,00000000,E8J 000,,,,,,,,,,,,,
299,M,00000000,00000000,E8K 000,,,,,,,,,,,,,
299,M,00000000,00000000,E8L 000,,,,,,,,,,,,,
299,M,00000000,00000000,E8N 000,,,,,,,,,,,,,
299,M,00000000,00000000,E8P 000,,,,,,,,,,,,,
299,M,00000000,00000000,E8R 000,,,,,,,,,,,,,
299,M,00000000,00000000,E8S 000,,,,,,,,,,,,,
299,M,00000000,00000000,E8T 000,,,,,,,,,,,,,
299,M,00000000,00000000,E9A 000,,,,,,,,,,,,,
299,M,00000000,00000000,E9B 000,,,,,,,,,,,,,
299,M,00000000,00000000,E9C 000,,,,,,,,,,,,,
299,M,00000000,00000000,E9E 000,,,,,,,,,,,,,
299,M,00000000,00000000,E9G 000,,,,,,,,,,,,,
299,M,00000000,00000000,E9H 000,,,,,,,,,,,,,
299,M,00000000,00000000,G0A 000,,,,,,,,,,,,,
299,M,00000000,00000000,G0B 000,,,,,,,,,,,,,
299,M,00000000,00000000,G0C 000,,,,,,,,,,,,,
299,M,00000000,00000000,G0E 000,,,,,,,,,,,,,
299,M,00000000,00000000,G0G 000,,,,,,,,,,,,,
299,M,00000000,00000000,G0H 000,,,,,,,,,,,,,
299,M,00000000,00000000,G0J 000,,,,,,,,,,,,,
299,M,00000000,00000000,G0K 000,,,,,,,,,,,,,
299,M,00000000,00000000,G0L 000,,,,,,,,,,,,,
299,M,00000000,00000000,G0M 000,,,,,,,,,,,,,
299,M,00000000,00000000,G0N 000,,,,,,,,,,,,,
299,M,00000000,00000000,G0P 000,,,,,,,,,,,,,
299,M,00000000,00000000,G0R 000,,,,,,,,,,,,,
299,M,00000000,00000000,G0S 000,,,,,,,,,,,,,
299,M,00000000,00000000,G0T 000,,,,,,,,,,,,,
299,M,00000000,00000000,G0V 000,,,,,,,,,,,,,
299,M,00000000,00000000,G0W 000,,,,,,,,,,,,,
299,M,00000000,00000000,G0X 000,,,,,,,,,,,,,
299,M,00000000,00000000,G0Y 000,,,,,,,,,,,,,
299,M,00000000,00000000,G0Z 000,,,,,,,,,,,,,
299,M,00000000,00000000,G1A 000,,,,,,,,,,,,,
299,M,00000000,00000000,G1B 000,,,,,,,,,,,,,
299,M,00000000,00000000,G1C 000,,,,,,,,,,,,,
299,M,00000000,00000000,G1E 000,,,,,,,,,,,,,
299,M,00000000,00000000,G1G 000,,,,,,,,,,,,,
299,M,00000000,00000000,G1H 000,,,,,,,,,,,,,
299,M,00000000,00000000,G1J 000,,,,,,,,,,,,,
299,M,00000000,00000000,G1K 000,,,,,,,,,,,,,
299,M,00000000,00000000,G1L 000,,,,,,,,,,,,,
299,M,00000000,00000000,G1M 000,,,,,,,,,,,,,
299,M,00000000,00000000,G1N 000,,,,,,,,,,,,,
299,M,00000000,00000000,G1P 000,,,,,,,,,,,,,
299,M,00000000,00000000,G1R 000,,,,,,,,,,,,,
299,M,00000000,00000000,G1S 000,,,,,,,,,,,,,
299,M,00000000,00000000,G1T 000,,,,,,,,,,,,,
299,M,00000000,00000000,G1V 000,,,,,,,,,,,,,
299,M,00000000,00000000,G1W 000,,,,,,,,,,,,,
299,M,00000000,00000000,G1X 000,,,,,,,,,,,,,
299,M,00000000,00000000,G1Y 000,,,,,,,,,,,,,
299,M,00000000,00000000,G2A 000,,,,,,,,,,,,,
299,M,00000000,00000000,G2B 000,,,,,,,,,,,,,
299,M,00000000,00000000,G2C 000,,,,,,,,,,,,,
299,M,00000000,00000000,G2E 000,,,,,,,,,,,,,
299,M,00000000,00000000,G2G 000,,,,,,,,,,,,,
299,M,00000000,00000000,G2H 000,,,,,,,,,,,,,
299,M,00000000,00000000,G2J 000,,,,,,,,,,,,,
299,M,00000000,00000000,G2K 000,,,,,,,,,,,,,
299,M,00000000,00000000,G2L 000,,,,,,,,,,,,,
299,M,00000000,00000000,G2M 000,,,,,,,,,,,,,
299,M,00000000,00000000,G2N 000,,,,,,,,,,,,,
299,M,00000000,00000000,G2S 000,,,,,,,,,,,,,
299,M,00000000,00000000,G3A 000,,,,,,,,,,,,,
299,M,00000000,00000000,G3B 000,,,,,,,,,,,,,
299,M,00000000,00000000,G3C 000,,,,,,,,,,,,,
299,M,00000000,00000000,G3E 000,,,,,,,,,,,,,
299,M,00000000,00000000,G3G 000,,,,,,,,,,,,,
299,M,00000000,00000000,G3H 000,,,,,,,,,,,,,
299,M,00000000,00000000,G3J 000,,,,,,,,,,,,,
299,M,00000000,00000000,G3K 000,,,,,,,,,,,,,
299,M,00000000,00000000,G3L 000,,,,,,,,,,,,,
299,M,00000000,00000000,G3M 000,,,,,,,,,,,,,
299,M,00000000,00000000,G3N 000,,,,,,,,,,,,,
299,M,00000000,00000000,G3R 000,,,,,,,,,,,,,
299,M,00000000,00000000,G3S 000,,,,,,,,,,,,,
299,M,00000000,00000000,G3Z 000,,,,,,,,,,,,,
299,M,00000000,00000000,G4A 000,,,,,,,,,,,,,
299,M,00000000,00000000,G4R 000,,,,,,,,,,,,,
299,M,00000000,00000000,G4S 000,,,,,,,,,,,,,
299,M,00000000,00000000,G4T 000,,,,,,,,,,,,,
299,M,00000000,00000000,G4V 000,,,,,,,,,,,,,
299,M,00000000,00000000,G4W 000,,,,,,,,,,,,,
299,M,00000000,00000000,G4X 000,,,,,,,,,,,,,
299,M,00000000,00000000,G4Z 000,,,,,,,,,,,,,
299,M,00000000,00000000,G5A 000,,,,,,,,,,,,,
299,M,00000000,00000000,G5B 000,,,,,,,,,,,,,
299,M,00000000,00000000,G5C 000,,,,,,,,,,,,,
299,M,00000000,00000000,G5H 000,,,,,,,,,,,,,
299,M,00000000,00000000,G5J 000,,,,,,,,,,,,,
299,M,00000000,00000000,G5L 000,,,,,,,,,,,,,
299,M,00000000,00000000,G5M 000,,,,,,,,,,,,,
299,M,00000000,00000000,G5N 000,,,,,,,,,,,,,
299,M,00000000,00000000,G5R 000,,,,,,,,,,,,,
299,M,00000000,00000000,G5T 000,,,,,,,,,,,,,
299,M,00000000,00000000,G5V 000,,,,,,,,,,,,,
299,M,00000000,00000000,G5X 000,,,,,,,,,,,,,
299,M,00000000,00000000,G5Y 000,,,,,,,,,,,,,
299,M,00000000,00000000,G5Z 000,,,,,,,,,,,,,
299,M,00000000,00000000,G6A 000,,,,,,,,,,,,,
299,M,00000000,00000000,G6B 000,,,,,,,,,,,,,
299,M,00000000,00000000,G6C 000,,,,,,,,,,,,,
299,M,00000000,00000000,G6E 000,,,,,,,,,,,,,
299,M,00000000,00000000,G6G 000,,,,,,,,,,,,,
299,M,00000000,00000000,G6H 000,,,,,,,,,,,,,
299,M,00000000,00000000,G6J 000,,,,,,,,,,,,,
299,M,00000000,00000000,G6K 000,,,,,,,,,,,,,
299,M,00000000,00000000,G6L 000,,,,,,,,,,,,,
299,M,00000000,00000000,G6P 000,,,,,,,,,,,,,
299,M,00000000,00000000,G6R 000,,,,,,,,,,,,,
299,M,00000000,00000000,G6S 000,,,,,,,,,,,,,
299,M,00000000,00000000,G6T 000,,,,,,,,,,,,,
299,M,00000000,00000000,G6V 000,,,,,,,,,,,,,
299,M,00000000,00000000,G6W 000,,,,,,,,,,,,,
299,M,00000000,00000000,G6X 000,,,,,,,,,,,,,
299,M,00000000,00000000,G6Z 000,,,,,,,,,,,,,
299,M,00000000,00000000,G7A 000,,,,,,,,,,,,,
299,M,00000000,00000000,G7B 000,,,,,,,,,,,,,
299,M,00000000,00000000,G7E 000,,,,,,,,,,,,,
299,M,00000000,00000000,G7G 000,,,,,,,,,,,,,
299,M,00000000,00000000,G7H 000,,,,,,,,,,,,,
299,M,00000000,00000000,G7J 000,,,,,,,,,,,,,
299,M,00000000,00000000,G7K 000,,,,,,,,,,,,,
299,M,00000000,00000000,G7N 000,,,,,,,,,,,,,
299,M,00000000,00000000,G7P 000,,,,,,,,,,,,,
299,M,00000000,00000000,G7S 000,,,,,,,,,,,,,
299,M,00000000,00000000,G7T 000,,,,,,,,,,,,,
299,M,00000000,00000000,G7X 000,,,,,,,,,,,,,
299,M,00000000,00000000,G7Y 000,,,,,,,,,,,,,
299,M,00000000,00000000,G7Z 000,,,,,,,,,,,,,
299,M,00000000,00000000,G8A 000,,,,,,,,,,,,,
299,M,00000000,00000000,G8B 000,,,,,,,,,,,,,
299,M,00000000,00000000,G8C 000,,,,,,,,,,,,,
299,M,00000000,00000000,G8E 000,,,,,,,,,,,,,
299,M,00000000,00000000,G8G 000,,,,,,,,,,,,,
299,M,00000000,00000000,G8H 000,,,,,,,,,,,,,
299,M,00000000,00000000,G8J 000,,,,,,,,,,,,,
299,M,00000000,00000000,G8K 000,,,,,,,,,,,,,
299,M,00000000,00000000,G8L 000,,,,,,,,,,,,,
299,M,00000000,00000000,G8M 000,,,,,,,,,,,,,
299,M,00000000,00000000,G8N 000,,,,,,,,,,,,,
299,M,00000000,00000000,G8P 000,,,,,,,,,,,,,
299,M,00000000,00000000,G8T 000,,,,,,,,,,,,,
299,M,00000000,00000000,G8V 000,,,,,,,,,,,,,
299,M,00000000,00000000,G8W 000,,,,,,,,,,,,,
299,M,00000000,00000000,G8X 000,,,,,,,,,,,,,
299,M,00000000,00000000,G8Y 000,,,,,,,,,,,,,
299,M,00000000,00000000,G8Z 000,,,,,,,,,,,,,
299,M,00000000,00000000,G9A 000,,,,,,,,,,,,,
299,M,00000000,00000000,G9B 000,,,,,,,,,,,,,
299,M,00000000,00000000,G9C 000,,,,,,,,,,,,,
299,M,00000000,00000000,G9H 000,,,,,,,,,,,,,
299,M,00000000,00000000,G9N 000,,,,,,,,,,,,,
299,M,00000000,00000000,G9P 000,,,,,,,,,,,,,
299,M,00000000,00000000,G9R 000,,,,,,,,,,,,,
299,M,00000000,00000000,G9T 000,,,,,,,,,,,,,
299,M,00000000,00000000,G9W 000,,,,,,,,,,,,,
299,M,00000000,00000000,G9X 000,,,,,,,,,,,,,
299,M,00000000,00000000,G9Y 000,,,,,,,,,,,,,
299,M,00000000,00000000,H0A 000,,,,,,,,,,,,,
299,M,00000000,00000000,H0M 000,,,,,,,,,,,,,
299,M,00000000,00000000,H1A 000,,,,,,,,,,,,,
299,M,00000000,00000000,H1B 000,,,,,,,,,,,,,
299,M,00000000,00000000,H1C 000,,,,,,,,,,,,,
299,M,00000000,00000000,H1E 000,,,,,,,,,,,,,
299,M,00000000,00000000,H1G 000,,,,,,,,,,,,,
299,M,00000000,00000000,H1H 000,,,,,,,,,,,,,
299,M,00000000,00000000,H1J 000,,,,,,,,,,,,,
299,M,00000000,00000000,H1K 000,,,,,,,,,,,,,
299,M,00000000,00000000,H1L 000,,,,,,,,,,,,,
299,M,00000000,00000000,H1M 000,,,,,,,,,,,,,
299,M,00000000,00000000,H1N 000,,,,,,,,,,,,,
299,M,00000000,00000000,H1P 000,,,,,,,,,,,,,
299,M,00000000,00000000,H1R 000,,,,,,,,,,,,,
299,M,00000000,00000000,H1S 000,,,,,,,,,,,,,
299,M,00000000,00000000,H1T 000,,,,,,,,,,,,,
299,M,00000000,00000000,H1V 000,,,,,,,,,,,,,
299,M,00000000,00000000,H1W 000,,,,,,,,,,,,,
299,M,00000000,00000000,H1X 000,,,,,,,,,,,,,
299,M,00000000,00000000,H1Y 000,,,,,,,,,,,,,
299,M,00000000,00000000,H1Z 000,,,,,,,,,,,,,
299,M,00000000,00000000,H2A 000,,,,,,,,,,,,,
299,M,00000000,00000000,H2B 000,,,,,,,,,,,,,
299,M,00000000,00000000,H2C 000,,,,,,,,,,,,,
299,M,00000000,00000000,H2E 000,,,,,,,,,,,,,
299,M,00000000,00000000,H2G 000,,,,,,,,,,,,,
299,M,00000000,00000000,H2H 000,,,,,,,,,,,,,
299,M,00000000,00000000,H2J 000,,,,,,,,,,,,,
299,M,00000000,00000000,H2K 000,,,,,,,,,,,,,
299,M,00000000,00000000,H2L 000,,,,,,,,,,,,,
299,M,00000000,00000000,H2M 000,,,,,,,,,,,,,
299,M,00000000,00000000,H2N 000,,,,,,,,,,,,,
299,M,00000000,00000000,H2P 000,,,,,,,,,,,,,
299,M,00000000,00000000,H2R 000,,,,,,,,,,,,,
299,M,00000000,00000000,H2S 000,,,,,,,,,,,,,
299,M,00000000,00000000,H2T 000,,,,,,,,,,,,,
299,M,00000000,00000000,H2V 000,,,,,,,,,,,,,
299,M,00000000,00000000,H2W 000,,,,,,,,,,,,,
299,M,00000000,00000000,H2X 000,,,,,,,,,,,,,
299,M,00000000,00000000,H2Y 000,,,,,,,,,,,,,
299,M,00000000,00000000,H2Z 000,,,,,,,,,,,,,
299,M,00000000,00000000,H3A 000,,,,,,,,,,,,,
299,M,00000000,00000000,H3B 000,,,,,,,,,,,,,
299,M,00000000,00000000,H3C 000,,,,,,,,,,,,,
299,M,00000000,00000000,H3E 000,,,,,,,,,,,,,
299,M,00000000,00000000,H3G 000,,,,,,,,,,,,,
299,M,00000000,00000000,H3H 000,,,,,,,,,,,,,
299,M,00000000,00000000,H3J 000,,,,,,,,,,,,,
299,M,00000000,00000000,H3K 000,,,,,,,,,,,,,
299,M,00000000,00000000,H3L 000,,,,,,,,,,,,,
299,M,00000000,00000000,H3M 000,,,,,,,,,,,,,
299,M,00000000,00000000,H3N 000,,,,,,,,,,,,,
299,M,00000000,00000000,H3P 000,,,,,,,,,,,,,
299,M,00000000,00000000,H3R 000,,,,,,,,,,,,,
299,M,00000000,00000000,H3S 000,,,,,,,,,,,,,
299,M,00000000,00000000,H3T 000,,,,,,,,,,,,,
299,M,00000000,00000000,H3V 000,,,,,,,,,,,,,
299,M,00000000,00000000,H3W 000,,,,,,,,,,,,,
299,M,00000000,00000000,H3X 000,,,,,,,,,,,,,
299,M,00000000,00000000,H3Y 000,,,,,,,,,,,,,
299,M,00000000,00000000,H3Z 000,,,,,,,,,,,,,
299,M,00000000,00000000,H4A 000,,,,,,,,,,,,,
299,M,00000000,00000000,H4B 000,,,,,,,,,,,,,
299,M,00000000,00000000,H4C 000,,,,,,,,,,,,,
299,M,00000000,00000000,H4E 000,,,,,,,,,,,,,
299,M,00000000,00000000,H4G 000,,,,,,,,,,,,,
299,M,00000000,00000000,H4H 000,,,,,,,,,,,,,
299,M,00000000,00000000,H4J 000,,,,,,,,,,,,,
299,M,00000000,00000000,H4K 000,,,,,,,,,,,,,
299,M,00000000,00000000,H4L 000,,,,,,,,,,,,,
299,M,00000000,00000000,H4M 000,,,,,,,,,,,,,
299,M,00000000,00000000,H4N 000,,,,,,,,,,,,,
299,M,00000000,00000000,H4P 000,,,,,,,,,,,,,
299,M,00000000,00000000,H4R 000,,,,,,,,,,,,,
299,M,00000000,00000000,H4S 000,,,,,,,,,,,,,
299,M,00000000,00000000,H4T 000,,,,,,,,,,,,,
299,M,00000000,00000000,H4V 000,,,,,,,,,,,,,
299,M,00000000,00000000,H4W 000,,,,,,,,,,,,,
299,M,00000000,00000000,H4X 000,,,,,,,,,,,,,
299,M,00000000,00000000,H4Y 000,,,,,,,,,,,,,
299,M,00000000,00000000,H4Z 000,,,,,,,,,,,,,
299,M,00000000,00000000,H5A 000,,,,,,,,,,,,,
299,M,00000000,00000000,H5B 000,,,,,,,,,,,,,
299,M,00000000,00000000,H7A 000,,,,,,,,,,,,,
299,M,00000000,00000000,H7B 000,,,,,,,,,,,,,
299,M,00000000,00000000,H7C 000,,,,,,,,,,,,,
299,M,00000000,00000000,H7E 000,,,,,,,,,,,,,
299,M,00000000,00000000,H7G 000,,,,,,,,,,,,,
299,M,00000000,00000000,H7H 000,,,,,,,,,,,,,
299,M,00000000,00000000,H7J 000,,,,,,,,,,,,,
299,M,00000000,00000000,H7K 000,,,,,,,,,,,,,
299,M,00000000,00000000,H7L 000,,,,,,,,,,,,,
299,M,00000000,00000000,H7M 000,,,,,,,,,,,,,
299,M,00000000,00000000,H7N 000,,,,,,,,,,,,,
299,M,00000000,00000000,H7P 000,,,,,,,,,,,,,
299,M,00000000,00000000,H7R 000,,,,,,,,,,,,,
299,M,00000000,00000000,H7S 000,,,,,,,,,,,,,
299,M,00000000,00000000,H7T 000,,,,,,,,,,,,,
299,M,00000000,00000000,H7V 000,,,,,,,,,,,,,
299,M,00000000,00000000,H7W 000,,,,,,,,,,,,,
299,M,00000000,00000000,H7X 000,,,,,,,,,,,,,
299,M,00000000,00000000,H7Y 000,,,,,,,,,,,,,
299,M,00000000,00000000,H8B 000,,,,,,,,,,,,,
299,M,00000000,00000000,H8J 000,,,,,,,,,,,,,
299,M,00000000,00000000,H8K 000,,,,,,,,,,,,,
299,M,00000000,00000000,H8L 000,,,,,,,,,,,,,
299,M,00000000,00000000,H8N 000,,,,,,,,,,,,,
299,M,00000000,00000000,H8P 000,,,,,,,,,,,,,
299,M,00000000,00000000,H8R 000,,,,,,,,,,,,,
299,M,00000000,00000000,H8S 000,,,,,,,,,,,,,
299,M,00000000,00000000,H8T 000,,,,,,,,,,,,,
299,M,00000000,00000000,H8Y 000,,,,,,,,,,,,,
299,M,00000000,00000000,H8Z 000,,,,,,,,,,,,,
299,M,00000000,00000000,H9A 000,,,,,,,,,,,,,
299,M,00000000,00000000,H9B 000,,,,,,,,,,,,,
299,M,00000000,00000000,H9C 000,,,,,,,,,,,,,
299,M,00000000,00000000,H9E 000,,,,,,,,,,,,,
299,M,00000000,00000000,H9G 000,,,,,,,,,,,,,
299,M,00000000,00000000,H9H 000,,,,,,,,,,,,,
299,M,00000000,00000000,H9J 000,,,,,,,,,,,,,
299,M,00000000,00000000,H9K 000,,,,,,,,,,,,,
299,M,00000000,00000000,H9P 000,,,,,,,,,,,,,
299,M,00000000,00000000,H9R 000,,,,,,,,,,,,,
299,M,00000000,00000000,H9S 000,,,,,,,,,,,,,
299,M,00000000,00000000,H9W 000,,,,,,,,,,,,,
299,M,00000000,00000000,H9X 000,,,,,,,,,,,,,
299,M,00000000,00000000,H9Z 000,,,,,,,,,,,,,
299,M,00000000,00000000,J0A 000,,,,,,,,,,,,,
299,M,00000000,00000000,J0B 000,,,,,,,,,,,,,
299,M,00000000,00000000,J0C 000,,,,,,,,,,,,,
299,M,00000000,00000000,J0E 000,,,,,,,,,,,,,
299,M,00000000,00000000,J0G 000,,,,,,,,,,,,,
299,M,00000000,00000000,J0H 000,,,,,,,,,,,,,
299,M,00000000,00000000,J0J 000,,,,,,,,,,,,,
299,M,00000000,00000000,J0K 000,,,,,,,,,,,,,
299,M,00000000,00000000,J0L 000,,,,,,,,,,,,,
299,M,00000000,00000000,J0M 000,,,,,,,,,,,,,
299,M,00000000,00000000,J0N 000,,,,,,,,,,,,,
299,M,00000000,00000000,J0P 000,,,,,,,,,,,,,
299,M,00000000,00000000,J0R 000,,,,,,,,,,,,,
299,M,00000000,00000000,J0S 000,,,,,,,,,,,,,
299,M,00000000,00000000,J0T 000,,,,,,,,,,,,,
299,M,00000000,00000000,J0V 000,,,,,,,,,,,,,
299,M,00000000,00000000,J0W 000,,,,,,,,,,,,,
299,M,00000000,00000000,J0X 000,,,,,,,,,,,,,
299,M,00000000,00000000,J0Y 000,,,,,,,,,,,,,
299,M,00000000,00000000,J0Z 000,,,,,,,,,,,,,
299,M,00000000,00000000,J1A 000,,,,,,,,,,,,,
299,M,00000000,00000000,J1C 000,,,,,,,,,,,,,
299,M,00000000,00000000,J1E 000,,,,,,,,,,,,,
299,M,00000000,00000000,J1G 000,,,,,,,,,,,,,
299,M,00000000,00000000,J1H 000,,,,,,,,,,,,,
299,M,00000000,00000000,J1J 000,,,,,,,,,,,,,
299,M,00000000,00000000,J1K 000,,,,,,,,,,,,,
299,M,00000000,00000000,J1L 000,,,,,,,,,,,,,
299,M,00000000,00000000,J1M 000,,,,,,,,,,,,,
299,M,00000000,00000000,J1N 000,,,,,,,,,,,,,
299,M,00000000,00000000,J1R 000,,,,,,,,,,,,,
299,M,00000000,00000000,J1S 000,,,,,,,,,,,,,
299,M,00000000,00000000,J1T 000,,,,,,,,,,,,,
299,M,00000000,00000000,J1X 000,,,,,,,,,,,,,
299,M,00000000,00000000,J1Z 000,,,,,,,,,,,,,
299,M,00000000,00000000,J2A 000,,,,,,,,,,,,,
299,M,00000000,00000000,J2B 000,,,,,,,,,,,,,
299,M,00000000,00000000,J2C 000,,,,,,,,,,,,,
299,M,00000000,00000000,J2E 000,,,,,,,,,,,,,
299,M,00000000,00000000,J2G 000,,,,,,,,,,,,,
299,M,00000000,00000000,J2H 000,,,,,,,,,,,,,
299,M,00000000,00000000,J2J 000,,,,,,,,,,,,,
299,M,00000000,00000000,J2K 000,,,,,,,,,,,,,
299,M,00000000,00000000,J2L 000,,,,,,,,,,,,,
299,M,00000000,00000000,J2N 000,,,,,,,,,,,,,
299,M,00000000,00000000,J2R 000,,,,,,,,,,,,,
299,M,00000000,00000000,J2S 000,,,,,,,,,,,,,
299,M,00000000,00000000,J2T 000,,,,,,,,,,,,,
299,M,00000000,00000000,J2W 000,,,,,,,,,,,,,
299,M,00000000,00000000,J2X 000,,,,,,,,,,,,,
299,M,00000000,00000000,J2Y 000,,,,,,,,,,,,,
299,M,00000000,00000000,J3A 000,,,,,,,,,,,,,
299,M,00000000,00000000,J3B 000,,,,,,,,,,,,,
299,M,00000000,00000000,J3E 000,,,,,,,,,,,,,
299,M,00000000,00000000,J3G 000,,,,,,,,,,,,,
299,M,00000000,00000000,J3H 000,,,,,,,,,,,,,
299,M,00000000,00000000,J3J 000,,,,,,,,,,,,,
299,M,00000000,00000000,J3L 000,,,,,,,,,,,,,
299,M,00000000,00000000,J3M 000,,,,,,,,,,,,,
299,M,00000000,00000000,J3N 000,,,,,,,,,,,,,
299,M,00000000,00000000,J3P 000,,,,,,,,,,,,,
299,M,00000000,00000000,J3R 000,,,,,,,,,,,,,
299,M,00000000,00000000,J3S 000,,,,,,,,,,,,,
299,M,00000000,00000000,J3T 000,,,,,,,,,,,,,
299,M,00000000,00000000,J3V 000,,,,,,,,,,,,,
299,M,00000000,00000000,J3X 000,,,,,,,,,,,,,
299,M,00000000,00000000,J3Y 000,,,,,,,,,,,,,
299,M,00000000,00000000,J3Z 000,,,,,,,,,,,,,
299,M,00000000,00000000,J4A 000,,,,,,,,,,,,,
299,M,00000000,00000000,J4B 000,,,,,,,,,,,,,
299,M,00000000,00000000,J4G 000,,,,,,,,,,,,,
299,M,00000000,00000000,J4H 000,,,,,,,,,,,,,
299,M,00000000,00000000,J4J 000,,,,,,,,,,,,,
299,M,00000000,00000000,J4K 000,,,,,,,,,,,,,
299,M,00000000,00000000,J4L 000,,,,,,,,,,,,,
299,M,00000000,00000000,J4M 000,,,,,,,,,,,,,
299,M,00000000,00000000,J4N 000,,,,,,,,,,,,,
299,M,00000000,00000000,J4P 000,,,,,,,,,,,,,
299,M,00000000,00000000,J4R 000,,,,,,,,,,,,,
299,M,00000000,00000000,J4S 000,,,,,,,,,,,,,
299,M,00000000,00000000,J4T 000,,,,,,,,,,,,,
299,M,00000000,00000000,J4V 000,,,,,,,,,,,,,
299,M,00000000,00000000,J4W 000,,,,,,,,,,,,,
299,M,00000000,00000000,J4X 000,,,,,,,,,,,,,
299,M,00000000,00000000,J4Y 000,,,,,,,,,,,,,
299,M,00000000,00000000,J4Z 000,,,,,,,,,,,,,
299,M,00000000,00000000,J5A 000,,,,,,,,,,,,,
299,M,00000000,00000000,J5B 000,,,,,,,,,,,,,
299,M,00000000,00000000,J5C 000,,,,,,,,,,,,,
299,M,00000000,00000000,J5J 000,,,,,,,,,,,,,
299,M,00000000,00000000,J5K 000,,,,,,,,,,,,,
299,M,00000000,00000000,J5L 000,,,,,,,,,,,,,
299,M,00000000,00000000,J5M 000,,,,,,,,,,,,,
299,M,00000000,00000000,J5R 000,,,,,,,,,,,,,
299,M,00000000,00000000,J5T 000,,,,,,,,,,,,,
299,M,00000000,00000000,J5V 000,,,,,,,,,,,,,
299,M,00000000,00000000,J5W 000,,,,,,,,,,,,,
299,M,00000000,00000000,J5X 000,,,,,,,,,,,,,
299,M,00000000,00000000,J5Y 000,,,,,,,,,,,,,
299,M,00000000,00000000,J5Z 000,,,,,,,,,,,,,
299,M,00000000,00000000,J6A 000,,,,,,,,,,,,,
299,M,00000000,00000000,J6E 000,,,,,,,,,,,,,
299,M,00000000,00000000,J6H 000,,,,,,,,,,,,,
299,M,00000000,00000000,J6J 000,,,,,,,,,,,,,
299,M,00000000,00000000,J6K 000,,,,,,,,,,,,,
299,M,00000000,00000000,J6L 000,,,,,,,,,,,,,
299,M,00000000,00000000,J6N 000,,,,,,,,,,,,,
299,M,00000000,00000000,J6P 000,,,,,,,,,,,,,
299,M,00000000,00000000,J6R 000,,,,,,,,,,,,,
299,M,00000000,00000000,J6S 000,,,,,,,,,,,,,
299,M,00000000,00000000,J6T 000,,,,,,,,,,,,,
299,M,00000000,00000000,J6V 000,,,,,,,,,,,,,
299,M,00000000,00000000,J6W 000,,,,,,,,,,,,,
299,M,00000000,00000000,J6X 000,,,,,,,,,,,,,
299,M,00000000,00000000,J6Y 000,,,,,,,,,,,,,
299,M,00000000,00000000,J6Z 000,,,,,,,,,,,,,
299,M,00000000,00000000,J7A 000,,,,,,,,,,,,,
299,M,00000000,00000000,J7B 000,,,,,,,,,,,,,
299,M,00000000,00000000,J7C 000,,,,,,,,,,,,,
299,M,00000000,00000000,J7E 000,,,,,,,,,,,,,
299,M,00000000,00000000,J7G 000,,,,,,,,,,,,,
299,M,00000000,00000000,J7H 000,,,,,,,,,,,,,
299,M,00000000,00000000,J7J 000,,,,,,,,,,,,,
299,M,00000000,00000000,J7K 000,,,,,,,,,,,,,
299,M,00000000,00000000,J7L 000,,,,,,,,,,,,,
299,M,00000000,00000000,J7M 000,,,,,,,,,,,,,
299,M,00000000,00000000,J7N 000,,,,,,,,,,,,,
299,M,00000000,00000000,J7P 000,,,,,,,,,,,,,
299,M,00000000,00000000,J7R 000,,,,,,,,,,,,,
299,M,00000000,00000000,J7T 000,,,,,,,,,,,,,
299,M,00000000,00000000,J7V 000,,,,,,,,,,,,,
299,M,00000000,00000000,J7W 000,,,,,,,,,,,,,
299,M,00000000,00000000,J7X 000,,,,,,,,,,,,,
299,M,00000000,00000000,J7Y 000,,,,,,,,,,,,,
299,M,00000000,00000000,J7Z 000,,,,,,,,,,,,,
299,M,00000000,00000000,J8A 000,,,,,,,,,,,,,
299,M,00000000,00000000,J8B 000,,,,,,,,,,,,,
299,M,00000000,00000000,J8C 000,,,,,,,,,,,,,
299,M,00000000,00000000,J8E 000,,,,,,,,,,,,,
299,M,00000000,00000000,J8G 000,,,,,,,,,,,,,
299,M,00000000,00000000,J8H 000,,,,,,,,,,,,,
299,M,00000000,00000000,J8K 000,,,,,,,,,,,,,
299,M,00000000,00000000,J8L 000,,,,,,,,,,,,,
299,M,00000000,00000000,J8M 000,,,,,,,,,,,,,
299,M,00000000,00000000,J8N 000,,,,,,,,,,,,,
299,M,00000000,00000000,J8P 000,,,,,,,,,,,,,
299,M,00000000,00000000,J8R 000,,,,,,,,,,,,,
299,M,00000000,00000000,J8T 000,,,,,,,,,,,,,
299,M,00000000,00000000,J8V 000,,,,,,,,,,,,,
299,M,00000000,00000000,J8X 000,,,,,,,,,,,,,
299,M,00000000,00000000,J8Y 000,,,,,,,,,,,,,
299,M,00000000,00000000,J8Z 000,,,,,,,,,,,,,
299,M,00000000,00000000,J9A 000,,,,,,,,,,,,,
299,M,00000000,00000000,J9B 000,,,,,,,,,,,,,
299,M,00000000,00000000,J9E 000,,,,,,,,,,,,,
299,M,00000000,00000000,J9H 000,,,,,,,,,,,,,
299,M,00000000,00000000,J9J 000,,,,,,,,,,,,,
299,M,00000000,00000000,J9L 000,,,,,,,,,,,,,
299,M,00000000,00000000,J9P 000,,,,,,,,,,,,,
299,M,00000000,00000000,J9T 000,,,,,,,,,,,,,
299,M,00000000,00000000,J9V 000,,,,,,,,,,,,,
299,M,00000000,00000000,J9W 000,,,,,,,,,,,,,
299,M,00000000,00000000,J9X 000,,,,,,,,,,,,,
299,M,00000000,00000000,J9Y 000,,,,,,,,,,,,,
299,M,00000000,00000000,J9Z 000,,,,,,,,,,,,,
299,M,00000000,00000000,K0A 000,,,,,,,,,,,,,
299,M,00000000,00000000,K0B 000,,,,,,,,,,,,,
299,M,00000000,00000000,K0C 000,,,,,,,,,,,,,
299,M,00000000,00000000,K0E 000,,,,,,,,,,,,,
299,M,00000000,00000000,K0G 000,,,,,,,,,,,,,
299,M,00000000,00000000,K0H 000,,,,,,,,,,,,,
299,M,00000000,00000000,K0J 000,,,,,,,,,,,,,
299,M,00000000,00000000,K0K 000,,,,,,,,,,,,,
299,M,00000000,00000000,K0L 000,,,,,,,,,,,,,
299,M,00000000,00000000,K0M 000,,,,,,,,,,,,,
299,M,00000000,00000000,K1A 000,,,,,,,,,,,,,
299,M,00000000,00000000,K1B 000,,,,,,,,,,,,,
299,M,00000000,00000000,K1C 000,,,,,,,,,,,,,
299,M,00000000,00000000,K1E 000,,,,,,,,,,,,,
299,M,00000000,00000000,K1G 000,,,,,,,,,,,,,
299,M,00000000,00000000,K1H 000,,,,,,,,,,,,,
299,M,00000000,00000000,K1J 000,,,,,,,,,,,,,
299,M,00000000,00000000,K1K 000,,,,,,,,,,,,,
299,M,00000000,00000000,K1L 000,,,,,,,,,,,,,
299,M,00000000,00000000,K1M 000,,,,,,,,,,,,,
299,M,00000000,00000000,K1N 000,,,,,,,,,,,,,
299,M,00000000,00000000,K1P 000,,,,,,,,,,,,,
299,M,00000000,00000000,K1R 000,,,,,,,,,,,,,
299,M,00000000,00000000,K1S 000,,,,,,,,,,,,,
299,M,00000000,00000000,K1T 000,,,,,,,,,,,,,
299,M,00000000,00000000,K1V 000,,,,,,,,,,,,,
299,M,00000000,00000000,K1W 000,,,,,,,,,,,,,
299,M,00000000,00000000,K1X 000,,,,,,,,,,,,,
299,M,00000000,00000000,K1Y 000,,,,,,,,,,,,,
299,M,00000000,00000000,K1Z 000,,,,,,,,,,,,,
299,M,00000000,00000000,K2A 000,,,,,,,,,,,,,
299,M,00000000,00000000,K2B 000,,,,,,,,,,,,,
299,M,00000000,00000000,K2C 000,,,,,,,,,,,,,
299,M,00000000,00000000,K2E 000,,,,,,,,,,,,,
299,M,00000000,00000000,K2G 000,,,,,,,,,,,,,
299,M,00000000,00000000,K2H 000,,,,,,,,,,,,,
299,M,00000000,00000000,K2J 000,,,,,,,,,,,,,
299,M,00000000,00000000,K2K 000,,,,,,,,,,,,,
299,M,00000000,00000000,K2L 000,,,,,,,,,,,,,
299,M,00000000,00000000,K2M 000,,,,,,,,,,,,,
299,M,00000000,00000000,K2P 000,,,,,,,,,,,,,
299,M,00000000,00000000,K2R 000,,,,,,,,,,,,,
299,M,00000000,00000000,K2S 000,,,,,,,,,,,,,
299,M,00000000,00000000,K2T 000,,,,,,,,,,,,,
299,M,00000000,00000000,K2V 000,,,,,,,,,,,,,
299,M,00000000,00000000,K2W 000,,,,,,,,,,,,,
299,M,00000000,00000000,K3H 000,,,,,,,,,,,,,
299,M,00000000,00000000,K4A 000,,,,,,,,,,,,,
299,M,00000000,00000000,K4B 000,,,,,,,,,,,,,
299,M,00000000,00000000,K4C 000,,,,,,,,,,,,,
299,M,00000000,00000000,K4K 000,,,,,,,,,,,,,
299,M,00000000,00000000,K4M 000,,,,,,,,,,,,,
299,M,00000000,00000000,K4P 000,,,,,,,,,,,,,
299,M,00000000,00000000,K4R 000,,,,,,,,,,,,,
299,M,00000000,00000000,K6A 000,,,,,,,,,,,,,
299,M,00000000,00000000,K6B 000,,,,,,,,,,,,,
299,M,00000000,00000000,K6H 000,,,,,,,,,,,,,
299,M,00000000,00000000,K6J 000,,,,,,,,,,,,,
299,M,00000000,00000000,K6K 000,,,,,,,,,,,,,
299,M,00000000,00000000,K6T 000,,,,,,,,,,,,,
299,M,00000000,00000000,K6V 000,,,,,,,,,,,,,
299,M,00000000,00000000,K7A 000,,,,,,,,,,,,,
299,M,00000000,00000000,K7C 000,,,,,,,,,,,,,
299,M,00000000,00000000,K7G 000,,,,,,,,,,,,,
299,M,00000000,00000000,K7H 000,,,,,,,,,,,,,
299,M,00000000,00000000,K7K 000,,,,,,,,,,,,,
299,M,00000000,00000000,K7L 000,,,,,,,,,,,,,
299,M,00000000,00000000,K7M 000,,,,,,,,,,,,,
299,M,00000000,00000000,K7N 000,,,,,,,,,,,,,
299,M,00000000,00000000,K7P 000,,,,,,,,,,,,,
299,M,00000000,00000000,K7R 000,,,,,,,,,,,,,
299,M,00000000,00000000,K7S 000,,,,,,,,,,,,,
299,M,00000000,00000000,K7V 000,,,,,,,,,,,,,
299,M,00000000,00000000,K8A 000,,,,,,,,,,,,,
299,M,00000000,00000000,K8B 000,,,,,,,,,,,,,
299,M,00000000,00000000,K8C 000,,,,,,,,,,,,,
299,M,00000000,00000000,K8H 000,,,,,,,,,,,,,
299,M,00000000,00000000,K8N 000,,,,,,,,,,,,,
299,M,00000000,00000000,K8P 000,,,,,,,,,,,,,
299,M,00000000,00000000,K8R 000,,,,,,,,,,,,,
299,M,00000000,00000000,K8V 000,,,,,,,,,,,,,
299,M,00000000,00000000,K9A 000,,,,,,,,,,,,,
299,M,00000000,00000000,K9B 000,,,,,,,,,,,,,
299,M,00000000,00000000,K9H 000,,,,,,,,,,,,,
299,M,00000000,00000000,K9J 000,,,,,,,,,,,,,
299,M,00000000,00000000,K9K 000,,,,,,,,,,,,,
299,M,00000000,00000000,K9L 000,,,,,,,,,,,,,
299,M,00000000,00000000,K9T 000,,,,,,,,,,,,,
299,M,00000000,00000000,K9V 000,,,,,,,,,,,,,
299,M,00000000,00000000,K9Y 000,,,,,,,,,,,,,
299,M,00000000,00000000,L0A 000,,,,,,,,,,,,,
299,M,00000000,00000000,L0B 000,,,,,,,,,,,,,
299,M,00000000,00000000,L0C 000,,,,,,,,,,,,,
299,M,00000000,00000000,L0E 000,,,,,,,,,,,,,
299,M,00000000,00000000,L0G 000,,,,,,,,,,,,,
299,M,00000000,00000000,L0H 000,,,,,,,,,,,,,
299,M,00000000,00000000,L0J 000,,,,,,,,,,,,,
299,M,00000000,00000000,L0K 000,,,,,,,,,,,,,
299,M,00000000,00000000,L0L 000,,,,,,,,,,,,,
299,M,00000000,00000000,L0M 000,,,,,,,,,,,,,
299,M,00000000,00000000,L0N 000,,,,,,,,,,,,,
299,M,00000000,00000000,L0P 000,,,,,,,,,,,,,
299,M,00000000,00000000,L0R 000,,,,,,,,,,,,,
299,M,00000000,00000000,L0S 000,,,,,,,,,,,,,
299,M,00000000,00000000,L1A 000,,,,,,,,,,,,,
299,M,00000000,00000000,L1B 000,,,,,,,,,,,,,
299,M,00000000,00000000,L1C 000,,,,,,,,,,,,,
299,M,00000000,00000000,L1E 000,,,,,,,,,,,,,
299,M,00000000,00000000,L1G 000,,,,,,,,,,,,,
299,M,00000000,00000000,L1H 000,,,,,,,,,,,,,
299,M,00000000,00000000,L1J 000,,,,,,,,,,,,,
299,M,00000000,00000000,L1K 000,,,,,,,,,,,,,
299,M,00000000,00000000,L1L 000,,,,,,,,,,,,,
299,M,00000000,00000000,L1M 000,,,,,,,,,,,,,
299,M,00000000,00000000,L1N 000,,,,,,,,,,,,,
299,M,00000000,00000000,L1P 000,,,,,,,,,,,,,
299,M,00000000,00000000,L1R 000,,,,,,,,,,,,,
299,M,00000000,00000000,L1S 000,,,,,,,,,,,,,
299,M,00000000,00000000,L1T 000,,,,,,,,,,,,,
299,M,00000000,00000000,L1V 000,,,,,,,,,,,,,
299,M,00000000,00000000,L1W 000,,,,,,,,,,,,,
299,M,00000000,00000000,L1X 000,,,,,,,,,,,,,
299,M,00000000,00000000,L1Y 000,,,,,,,,,,,,,
299,M,00000000,00000000,L1Z 000,,,,,,,,,,,,,
299,M,00000000,00000000,L2A 000,,,,,,,,,,,,,
299,M,00000000,00000000,L2B 000,,,,,,,,,,,,,
299,M,00000000,00000000,L2E 000,,,,,,,,,,,,,
299,M,00000000,00000000,L2G 000,,,,,,,,,,,,,
299,M,00000000,00000000,L2H 000,,,,,,,,,,,,,
299,M,00000000,00000000,L2J 000,,,,,,,,,,,,,
299,M,00000000,00000000,L2M 000,,,,,,,,,,,,,
299,M,00000000,00000000,L2N 000,,,,,,,,,,,,,
299,M,00000000,00000000,L2P 000,,,,,,,,,,,,,
299,M,00000000,00000000,L2R 000,,,,,,,,,,,,,
299,M,00000000,00000000,L2S 000,,,,,,,,,,,,,
299,M,00000000,00000000,L2T 000,,,,,,,,,,,,,
299,M,00000000,00000000,L2V 000,,,,,,,,,,,,,
299,M,00000000,00000000,L2W 000,,,,,,,,,,,,,
299,M,00000000,00000000,L3B 000,,,,,,,,,,,,,
299,M,00000000,00000000,L3C 000,,,,,,,,,,,,,
299,M,00000000,00000000,L3K 000,,,,,,,,,,,,,
299,M,00000000,00000000,L3M 000,,,,,,,,,,,,,
299,M,00000000,00000000,L3N 000,,,,,,,,,,,,,
299,M,00000000,00000000,L3P 000,,,,,,,,,,,,,
299,M,00000000,00000000,L3R 000,,,,,,,,,,,,,
299,M,00000000,00000000,L3S 000,,,,,,,,,,,,,
299,M,00000000,00000000,L3T 000,,,,,,,,,,,,,
299,M,00000000,00000000,L3V 000,,,,,,,,,,,,,
299,M,00000000,00000000,L3X 000,,,,,,,,,,,,,
299,M,00000000,00000000,L3Y 000,,,,,,,,,,,,,
299,M,00000000,00000000,L3Z 000,,,,,,,,,,,,,
299,M,00000000,00000000,L4A 000,,,,,,,,,,,,,
299,M,00000000,00000000,L4B 000,,,,,,,,,,,,,
299,M,00000000,00000000,L4C 000,,,,,,,,,,,,,
299,M,00000000,00000000,L4E 000,,,,,,,,,,,,,
299,M,00000000,00000000,L4G 000,,,,,,,,,,,,,
299,M,00000000,00000000,L4H 000,,,,,,,,,,,,,
299,M,00000000,00000000,L4J 000,,,,,,,,,,,,,
299,M,00000000,00000000,L4K 000,,,,,,,,,,,,,
299,M,00000000,00000000,L4L 000,,,,,,,,,,,,,
299,M,00000000,00000000,L4M 000,,,,,,,,,,,,,
299,M,00000000,00000000,L4N 000,,,,,,,,,,,,,
299,M,00000000,00000000,L4P 000,,,,,,,,,,,,,
299,M,00000000,00000000,L4R 000,,,,,,,,,,,,,
299,M,00000000,00000000,L4S 000,,,,,,,,,,,,,
299,M,00000000,00000000,L4T 000,,,,,,,,,,,,,
299,M,00000000,00000000,L4V 000,,,,,,,,,,,,,
299,M,00000000,00000000,L4W 000,,,,,,,,,,,,,
299,M,00000000,00000000,L4X 000,,,,,,,,,,,,,
299,M,00000000,00000000,L4Y 000,,,,,,,,,,,,,
299,M,00000000,00000000,L4Z 000,,,,,,,,,,,,,
299,M,00000000,00000000,L5A 000,,,,,,,,,,,,,
299,M,00000000,00000000,L5B 000,,,,,,,,,,,,,
299,M,00000000,00000000,L5C 000,,,,,,,,,,,,,
299,M,00000000,00000000,L5E 000,,,,,,,,,,,,,
299,M,00000000,00000000,L5G 000,,,,,,,,,,,,,
299,M,00000000,00000000,L5H 000,,,,,,,,,,,,,
299,M,00000000,00000000,L5J 000,,,,,,,,,,,,,
299,M,00000000,00000000,L5K 000,,,,,,,,,,,,,
299,M,00000000,00000000,L5L 000,,,,,,,,,,,,,
299,M,00000000,00000000,L5M 000,,,,,,,,,,,,,
299,M,00000000,00000000,L5N 000,,,,,,,,,,,,,
299,M,00000000,00000000,L5P 000,,,,,,,,,,,,,
299,M,00000000,00000000,L5R 000,,,,,,,,,,,,,
299,M,00000000,00000000,L5S 000,,,,,,,,,,,,,
299,M,00000000,00000000,L5T 000,,,,,,,,,,,,,
299,M,00000000,00000000,L5V 000,,,,,,,,,,,,,
299,M,00000000,00000000,L5W 000,,,,,,,,,,,,,
299,M,00000000,00000000,L5X 000,,,,,,,,,,,,,
299,M,00000000,00000000,L6A 000,,,,,,,,,,,,,
299,M,00000000,00000000,L6B 000,,,,,,,,,,,,,
299,M,00000000,00000000,L6C 000,,,,,,,,,,,,,
299,M,00000000,00000000,L6E 000,,,,,,,,,,,,,
299,M,00000000,00000000,L6G 000,,,,,,,,,,,,,
299,M,00000000,00000000,L6H 000,,,,,,,,,,,,,
299,M,00000000,00000000,L6J 000,,,,,,,,,,,,,
299,M,00000000,00000000,L6K 000,,,,,,,,,,,,,
299,M,00000000,00000000,L6L 000,,,,,,,,,,,,,
299,M,00000000,00000000,L6M 000,,,,,,,,,,,,,
299,M,00000000,00000000,L6P 000,,,,,,,,,,,,,
299,M,00000000,00000000,L6R 000,,,,,,,,,,,,,
299,M,00000000,00000000,L6S 000,,,,,,,,,,,,,
299,M,00000000,00000000,L6T 000,,,,,,,,,,,,,
299,M,00000000,00000000,L6V 000,,,,,,,,,,,,,
299,M,00000000,00000000,L6W 000,,,,,,,,,,,,,
299,M,00000000,00000000,L6X 000,,,,,,,,,,,,,
299,M,00000000,00000000,L6Y 000,,,,,,,,,,,,,
299,M,00000000,00000000,L6Z 000,,,,,,,,,,,,,
299,M,00000000,00000000,L7A 000,,,,,,,,,,,,,
299,M,00000000,00000000,L7B 000,,,,,,,,,,,,,
299,M,00000000,00000000,L7C 000,,,,,,,,,,,,,
299,M,00000000,00000000,L7E 000,,,,,,,,,,,,,
299,M,00000000,00000000,L7G 000,,,,,,,,,,,,,
299,M,00000000,00000000,L7J 000,,,,,,,,,,,,,
299,M,00000000,00000000,L7K 000,,,,,,,,,,,,,
299,M,00000000,00000000,L7L 000,,,,,,,,,,,,,
299,M,00000000,00000000,L7M 000,,,,,,,,,,,,,
299,M,00000000,00000000,L7N 000,,,,,,,,,,,,,
299,M,00000000,00000000,L7P 000,,,,,,,,,,,,,
299,M,00000000,00000000,L7R 000,,,,,,,,,,,,,
299,M,00000000,00000000,L7S 000,,,,,,,,,,,,,
299,M,00000000,00000000,L7T 000,,,,,,,,,,,,,
299,M,00000000,00000000,L7V 000,,,,,,,,,,,,,
299,M,00000000,00000000,L8A 000,,,,,,,,,,,,,
299,M,00000000,00000000,L8B 000,,,,,,,,,,,,,
299,M,00000000,00000000,L8E 000,,,,,,,,,,,,,
299,M,00000000,00000000,L8G 000,,,,,,,,,,,,,
299,M,00000000,00000000,L8H 000,,,,,,,,,,,,,
299,M,00000000,00000000,L8J 000,,,,,,,,,,,,,
299,M,00000000,00000000,L8K 000,,,,,,,,,,,,,
299,M,00000000,00000000,L8L 000,,,,,,,,,,,,,
299,M,00000000,00000000,L8M 000,,,,,,,,,,,,,
299,M,00000000,00000000,L8N 000,,,,,,,,,,,,,
299,M,00000000,00000000,L8P 000,,,,,,,,,,,,,
299,M,00000000,00000000,L8R 000,,,,,,,,,,,,,
299,M,00000000,00000000,L8S 000,,,,,,,,,,,,,
299,M,00000000,00000000,L8T 000,,,,,,,,,,,,,
299,M,00000000,00000000,L8V 000,,,,,,,,,,,,,
299,M,00000000,00000000,L8W 000,,,,,,,,,,,,,
299,M,00000000,00000000,L9A 000,,,,,,,,,,,,,
299,M,00000000,00000000,L9B 000,,,,,,,,,,,,,
299,M,00000000,00000000,L9C 000,,,,,,,,,,,,,
299,M,00000000,00000000,L9E 000,,,,,,,,,,,,,
299,M,00000000,00000000,L9G 000,,,,,,,,,,,,,
299,M,00000000,00000000,L9H 000,,,,,,,,,,,,,
299,M,00000000,00000000,L9J 000,,,,,,,,,,,,,
299,M,00000000,00000000,L9K 000,,,,,,,,,,,,,
299,M,00000000,00000000,L9L 000,,,,,,,,,,,,,
299,M,00000000,00000000,L9M 000,,,,,,,,,,,,,
299,M,00000000,00000000,L9N 000,,,,,,,,,,,,,
299,M,00000000,00000000,L9P 000,,,,,,,,,,,,,
299,M,00000000,00000000,L9R 000,,,,,,,,,,,,,
299,M,00000000,00000000,L9S 000,,,,,,,,,,,,,
299,M,00000000,00000000,L9T 000,,,,,,,,,,,,,
299,M,00000000,00000000,L9V 000,,,,,,,,,,,,,
299,M,00000000,00000000,L9W 000,,,,,,,,,,,,,
299,M,00000000,00000000,L9X 000,,,,,,,,,,,,,
299,M,00000000,00000000,L9Y 000,,,,,,,,,,,,,
299,M,00000000,00000000,L9Z 000,,,,,,,,,,,,,
299,M,00000000,00000000,M0V 000,,,,,,,,,,,,,
299,M,00000000,00000000,M1B 000,,,,,,,,,,,,,
299,M,00000000,00000000,M1C 000,,,,,,,,,,,,,
299,M,00000000,00000000,M1E 000,,,,,,,,,,,,,
299,M,00000000,00000000,M1G 000,,,,,,,,,,,,,
299,M,00000000,00000000,M1H 000,,,,,,,,,,,,,
299,M,00000000,00000000,M1J 000,,,,,,,,,,,,,
299,M,00000000,00000000,M1K 000,,,,,,,,,,,,,
299,M,00000000,00000000,M1L 000,,,,,,,,,,,,,
299,M,00000000,00000000,M1M 000,,,,,,,,,,,,,
299,M,00000000,00000000,M1N 000,,,,,,,,,,,,,
299,M,00000000,00000000,M1P 000,,,,,,,,,,,,,
299,M,00000000,00000000,M1R 000,,,,,,,,,,,,,
299,M,00000000,00000000,M1S 000,,,,,,,,,,,,,
299,M,00000000,00000000,M1T 000,,,,,,,,,,,,,
299,M,00000000,00000000,M1V 000,,,,,,,,,,,,,
299,M,00000000,00000000,M1W 000,,,,,,,,,,,,,
299,M,00000000,00000000,M1X 000,,,,,,,,,,,,,
299,M,00000000,00000000,M2A 000,,,,,,,,,,,,,
299,M,00000000,00000000,M2H 000,,,,,,,,,,,,,
299,M,00000000,00000000,M2J 000,,,,,,,,,,,,,
299,M,00000000,00000000,M2K 000,,,,,,,,,,,,,
299,M,00000000,00000000,M2L 000,,,,,,,,,,,,,
299,M,00000000,00000000,M2M 000,,,,,,,,,,,,,
299,M,00000000,00000000,M2N 000,,,,,,,,,,,,,
299,M,00000000,00000000,M2P 000,,,,,,,,,,,,,
299,M,00000000,00000000,M2R 000,,,,,,,,,,,,,
299,M,00000000,00000000,M2X 000,,,,,,,,,,,,,
299,M,00000000,00000000,M3A 000,,,,,,,,,,,,,
299,M,00000000,00000000,M3B 000,,,,,,,,,,,,,
299,M,00000000,00000000,M3C 000,,,,,,,,,,,,,
299,M,00000000,00000000,M3H 000,,,,,,,,,,,,,
299,M,00000000,00000000,M3J 000,,,,,,,,,,,,,
299,M,00000000,00000000,M3K 000,,,,,,,,,,,,,
299,M,00000000,00000000,M3L 000,,,,,,,,,,,,,
299,M,00000000,00000000,M3M 000,,,,,,,,,,,,,
299,M,00000000,00000000,M3N 000,,,,,,,,,,,,,
299,M,00000000,00000000,M3S 000,,,,,,,,,,,,,
299,M,00000000,00000000,M3T 000,,,,,,,,,,,,,
299,M,00000000,00000000,M4A 000,,,,,,,,,,,,,
299,M,00000000,00000000,M4B 000,,,,,,,,,,,,,
299,M,00000000,00000000,M4C 000,,,,,,,,,,,,,
299,M,00000000,00000000,M4E 000,,,,,,,,,,,,,
299,M,00000000,00000000,M4G 000,,,,,,,,,,,,,
299,M,00000000,00000000,M4H 000,,,,,,,,,,,,,
299,M,00000000,00000000,M4J 000,,,,,,,,,,,,,
299,M,00000000,00000000,M4K 000,,,,,,,,,,,,,
299,M,00000000,00000000,M4L 000,,,,,,,,,,,,,
299,M,00000000,00000000,M4M 000,,,,,,,,,,,,,
299,M,00000000,00000000,M4N 000,,,,,,,,,,,,,
299,M,00000000,00000000,M4P 000,,,,,,,,,,,,,
299,M,00000000,00000000,M4R 000,,,,,,,,,,,,,
299,M,00000000,00000000,M4S 000,,,,,,,,,,,,,
299,M,00000000,00000000,M4T 000,,,,,,,,,,,,,
299,M,00000000,00000000,M4V 000,,,,,,,,,,,,,
299,M,00000000,00000000,M4W 000,,,,,,,,,,,,,
299,M,00000000,00000000,M4X 000,,,,,,,,,,,,,
299,M,00000000,00000000,M4Y 000,,,,,,,,,,,,,
299,M,00000000,00000000,M5A 000,,,,,,,,,,,,,
299,M,00000000,00000000,M5B 000,,,,,,,,,,,,,
299,M,00000000,00000000,M5C 000,,,,,,,,,,,,,
299,M,00000000,00000000,M5E 000,,,,,,,,,,,,,
299,M,00000000,00000000,M5G 000,,,,,,,,,,,,,
299,M,00000000,00000000,M5H 000,,,,,,,,,,,,,
299,M,00000000,00000000,M5J 000,,,,,,,,,,,,,
299,M,00000000,00000000,M5K 000,,,,,,,,,,,,,
299,M,00000000,00000000,M5L 000,,,,,,,,,,,,,
299,M,00000000,00000000,M5M 000,,,,,,,,,,,,,
299,M,00000000,00000000,M5N 000,,,,,,,,,,,,,
299,M,00000000,00000000,M5P 000,,,,,,,,,,,,,
299,M,00000000,00000000,M5R 000,,,,,,,,,,,,,
299,M,00000000,00000000,M5S 000,,,,,,,,,,,,,
299,M,00000000,00000000,M5T 000,,,,,,,,,,,,,
299,M,00000000,00000000,M5V 000,,,,,,,,,,,,,
299,M,00000000,00000000,M5W 000,,,,,,,,,,,,,
299,M,00000000,00000000,M5X 000,,,,,,,,,,,,,
299,M,00000000,00000000,M6A 000,,,,,,,,,,,,,
299,M,00000000,00000000,M6B 000,,,,,,,,,,,,,
299,M,00000000,00000000,M6C 000,,,,,,,,,,,,,
299,M,00000000,00000000,M6E 000,,,,,,,,,,,,,
299,M,00000000,00000000,M6G 000,,,,,,,,,,,,,
299,M,00000000,00000000,M6H 000,,,,,,,,,,,,,
299,M,00000000,00000000,M6J 000,,,,,,,,,,,,,
299,M,00000000,00000000,M6K 000,,,,,,,,,,,,,
299,M,00000000,00000000,M6L 000,,,,,,,,,,,,,
299,M,00000000,00000000,M6M 000,,,,,,,,,,,,,
299,M,00000000,00000000,M6N 000,,,,,,,,,,,,,
299,M,00000000,00000000,M6P 000,,,,,,,,,,,,,
299,M,00000000,00000000,M6R 000,,,,,,,,,,,,,
299,M,00000000,00000000,M6S 000,,,,,,,,,,,,,
299,M,00000000,00000000,M6T 000,,,,,,,,,,,,,
299,M,00000000,00000000,M6V 000,,,,,,,,,,,,,
299,M,00000000,00000000,M6W 000,,,,,,,,,,,,,
299,M,00000000,00000000,M7A 000,,,,,,,,,,,,,
299,M,00000000,00000000,M7X 000,,,,,,,,,,,,,
299,M,00000000,00000000,M7Y 000,,,,,,,,,,,,,
299,M,00000000,00000000,M7Z 000,,,,,,,,,,,,,
299,M,00000000,00000000,M8V 000,,,,,,,,,,,,,
299,M,00000000,00000000,M8W 000,,,,,,,,,,,,,
299,M,00000000,00000000,M8X 000,,,,,,,,,,,,,
299,M,00000000,00000000,M8Y 000,,,,,,,,,,,,,
299,M,00000000,00000000,M8Z 000,,,,,,,,,,,,,
299,M,00000000,00000000,M9A 000,,,,,,,,,,,,,
299,M,00000000,00000000,M9B 000,,,,,,,,,,,,,
299,M,00000000,00000000,M9C 000,,,,,,,,,,,,,
299,M,00000000,00000000,M9E 000,,,,,,,,,,,,,
299,M,00000000,00000000,M9L 000,,,,,,,,,,,,,
299,M,00000000,00000000,M9M 000,,,,,,,,,,,,,
299,M,00000000,00000000,M9N 000,,,,,,,,,,,,,
299,M,00000000,00000000,M9P 000,,,,,,,,,,,,,
299,M,00000000,00000000,M9R 000,,,,,,,,,,,,,
299,M,00000000,00000000,M9V 000,,,,,,,,,,,,,
299,M,00000000,00000000,M9W 000,,,,,,,,,,,,,
299,M,00000000,00000000,M9X 000,,,,,,,,,,,,,
299,M,00000000,00000000,N0A 000,,,,,,,,,,,,,
299,M,00000000,00000000,N0B 000,,,,,,,,,,,,,
299,M,00000000,00000000,N0C 000,,,,,,,,,,,,,
299,M,00000000,00000000,N0E 000,,,,,,,,,,,,,
299,M,00000000,00000000,N0G 000,,,,,,,,,,,,,
299,M,00000000,00000000,N0H 000,,,,,,,,,,,,,
299,M,00000000,00000000,N0J 000,,,,,,,,,,,,,
299,M,00000000,00000000,N0K 000,,,,,,,,,,,,,
299,M,00000000,00000000,N0L 000,,,,,,,,,,,,,
299,M,00000000,00000000,N0M 000,,,,,,,,,,,,,
299,M,00000000,00000000,N0N 000,,,,,,,,,,,,,
299,M,00000000,00000000,N0P 000,,,,,,,,,,,,,
299,M,00000000,00000000,N0R 000,,,,,,,,,,,,,
299,M,00000000,00000000,N1A 000,,,,,,,,,,,,,
299,M,00000000,00000000,N1C 000,,,,,,,,,,,,,
299,M,00000000,00000000,N1E 000,,,,,,,,,,,,,
299,M,00000000,00000000,N1G 000,,,,,,,,,,,,,
299,M,00000000,00000000,N1H 000,,,,,,,,,,,,,
299,M,00000000,00000000,N1J 000,,,,,,,,,,,,,
299,M,00000000,00000000,N1K 000,,,,,,,,,,,,,
299,M,00000000,00000000,N1L 000,,,,,,,,,,,,,
299,M,00000000,00000000,N1M 000,,,,,,,,,,,,,
299,M,00000000,00000000,N1P 000,,,,,,,,,,,,,
299,M,00000000,00000000,N1R 000,,,,,,,,,,,,,
299,M,00000000,00000000,N1S 000,,,,,,,,,,,,,
299,M,00000000,00000000,N1T 000,,,,,,,,,,,,,
299,M,00000000,00000000,N2A 000,,,,,,,,,,,,,
299,M,00000000,00000000,N2B 000,,,,,,,,,,,,,
299,M,00000000,00000000,N2C 000,,,,,,,,,,,,,
299,M,00000000,00000000,N2E 000,,,,,,,,,,,,,
299,M,00000000,00000000,N2G 000,,,,,,,,,,,,,
299,M,00000000,00000000,N2H 000,,,,,,,,,,,,,
299,M,00000000,00000000,N2J 000,,,,,,,,,,,,,
299,M,00000000,00000000,N2K 000,,,,,,,,,,,,,
299,M,00000000,00000000,N2L 000,,,,,,,,,,,,,
299,M,00000000,00000000,N2M 000,,,,,,,,,,,,,
299,M,00000000,00000000,N2N 000,,,,,,,,,,,,,
299,M,00000000,00000000,N2P 000,,,,,,,,,,,,,
299,M,00000000,00000000,N2R 000,,,,,,,,,,,,,
299,M,00000000,00000000,N2S 000,,,,,,,,,,,,,
299,M,00000000,00000000,N2T 000,,,,,,,,,,,,,
299,M,00000000,00000000,N2V 000,,,,,,,,,,,,,
299,M,00000000,00000000,N2Z 000,,,,,,,,,,,,,
299,M,00000000,00000000,N3A 000,,,,,,,,,,,,,
299,M,00000000,00000000,N3B 000,,,,,,,,,,,,,
299,M,00000000,00000000,N3C 000,,,,,,,,,,,,,
299,M,00000000,00000000,N3E 000,,,,,,,,,,,,,
299,M,00000000,00000000,N3H 000,,,,,,,,,,,,,
299,M,00000000,00000000,N3L 000,,,,,,,,,,,,,
299,M,00000000,00000000,N3P 000,,,,,,,,,,,,,
299,M,00000000,00000000,N3R 000,,,,,,,,,,,,,
299,M,00000000,00000000,N3S 000,,,,,,,,,,,,,
299,M,00000000,00000000,N3T 000,,,,,,,,,,,,,
299,M,00000000,00000000,N3V 000,,,,,,,,,,,,,
299,M,00000000,00000000,N3W 000,,,,,,,,,,,,,
299,M,00000000,00000000,N3Y 000,,,,,,,,,,,,,
299,M,00000000,00000000,N4B 000,,,,,,,,,,,,,
299,M,00000000,00000000,N4E 000,,,,,,,,,,,,,
299,M,00000000,00000000,N4G 000,,,,,,,,,,,,,
299,M,00000000,00000000,N4K 000,,,,,,,,,,,,,
299,M,00000000,00000000,N4L 000,,,,,,,,,,,,,
299,M,00000000,00000000,N4N 000,,,,,,,,,,,,,
299,M,00000000,00000000,N4S 000,,,,,,,,,,,,,
299,M,00000000,00000000,N4T 000,,,,,,,,,,,,,
299,M,00000000,00000000,N4V 000,,,,,,,,,,,,,
299,M,00000000,00000000,N4W 000,,,,,,,,,,,,,
299,M,00000000,00000000,N4X 000,,,,,,,,,,,,,
299,M,00000000,00000000,N4Z 000,,,,,,,,,,,,,
299,M,00000000,00000000,N5A 000,,,,,,,,,,,,,
299,M,00000000,00000000,N5B 000,,,,,,,,,,,,,
299,M,00000000,00000000,N5C 000,,,,,,,,,,,,,
299,M,00000000,00000000,N5G 000,,,,,,,,,,,,,
299,M,00000000,00000000,N5H 000,,,,,,,,,,,,,
299,M,00000000,00000000,N5L 000,,,,,,,,,,,,,
299,M,00000000,00000000,N5P 000,,,,,,,,,,,,,
299,M,00000000,00000000,N5R 000,,,,,,,,,,,,,
299,M,00000000,00000000,N5V 000,,,,,,,,,,,,,
299,M,00000000,00000000,N5W 000,,,,,,,,,,,,,
299,M,00000000,00000000,N5X 000,,,,,,,,,,,,,
299,M,00000000,00000000,N5Y 000,,,,,,,,,,,,,
299,M,00000000,00000000,N5Z 000,,,,,,,,,,,,,
299,M,00000000,00000000,N6A 000,,,,,,,,,,,,,
299,M,00000000,00000000,N6B 000,,,,,,,,,,,,,
299,M,00000000,00000000,N6C 000,,,,,,,,,,,,,
299,M,00000000,00000000,N6E 000,,,,,,,,,,,,,
299,M,00000000,00000000,N6G 000,,,,,,,,,,,,,
299,M,00000000,00000000,N6H 000,,,,,,,,,,,,,
299,M,00000000,00000000,N6J 000,,,,,,,,,,,,,
299,M,00000000,00000000,N6K 000,,,,,,,,,,,,,
299,M,00000000,00000000,N6L 000,,,,,,,,,,,,,
299,M,00000000,00000000,N6M 000,,,,,,,,,,,,,
299,M,00000000,00000000,N6N 000,,,,,,,,,,,,,
299,M,00000000,00000000,N6P 000,,,,,,,,,,,,,
299,M,00000000,00000000,N6R 000,,,,,,,,,,,,,
299,M,00000000,00000000,N7A 000,,,,,,,,,,,,,
299,M,00000000,00000000,N7G 000,,,,,,,,,,,,,
299,M,00000000,00000000,N7L 000,,,,,,,,,,,,,
299,M,00000000,00000000,N7M 000,,,,,,,,,,,,,
299,M,00000000,00000000,N7S 000,,,,,,,,,,,,,
299,M,00000000,00000000,N7T 000,,,,,,,,,,,,,
299,M,00000000,00000000,N7V 000,,,,,,,,,,,,,
299,M,00000000,00000000,N7W 000,,,,,,,,,,,,,
299,M,00000000,00000000,N7X 000,,,,,,,,,,,,,
299,M,00000000,00000000,N8A 000,,,,,,,,,,,,,
299,M,00000000,00000000,N8H 000,,,,,,,,,,,,,
299,M,00000000,00000000,N8M 000,,,,,,,,,,,,,
299,M,00000000,00000000,N8N 000,,,,,,,,,,,,,
299,M,00000000,00000000,N8P 000,,,,,,,,,,,,,
299,M,00000000,00000000,N8R 000,,,,,,,,,,,,,
299,M,00000000,00000000,N8S 000,,,,,,,,,,,,,
299,M,00000000,00000000,N8T 000,,,,,,,,,,,,,
299,M,00000000,00000000,N8V 000,,,,,,,,,,,,,
299,M,00000000,00000000,N8W 000,,,,,,,,,,,,,
299,M,00000000,00000000,N8X 000,,,,,,,,,,,,,
299,M,00000000,00000000,N8Y 000,,,,,,,,,,,,,
299,M,00000000,00000000,N9A 000,,,,,,,,,,,,,
299,M,00000000,00000000,N9B 000,,,,,,,,,,,,,
299,M,00000000,00000000,N9C 000,,,,,,,,,,,,,
299,M,00000000,00000000,N9E 000,,,,,,,,,,,,,
299,M,00000000,00000000,N9G 000,,,,,,,,,,,,,
299,M,00000000,00000000,N9H 000,,,,,,,,,,,,,
299,M,00000000,00000000,N9J 000,,,,,,,,,,,,,
299,M,00000000,00000000,N9K 000,,,,,,,,,,,,,
299,M,00000000,00000000,N9V 000,,,,,,,,,,,,,
299,M,00000000,00000000,N9X 000,,,,,,,,,,,,,
299,M,00000000,00000000,N9Y 000,,,,,,,,,,,,,
299,M,00000000,00000000,P0A 000,,,,,,,,,,,,,
299,M,00000000,00000000,P0B 000,,,,,,,,,,,,,
299,M,00000000,00000000,P0C 000,,,,,,,,,,,,,
299,M,00000000,00000000,P0E 000,,,,,,,,,,,,,
299,M,00000000,00000000,P0G 000,,,,,,,,,,,,,
299,M,00000000,00000000,P0H 000,,,,,,,,,,,,,
299,M,00000000,00000000,P0J 000,,,,,,,,,,,,,
299,M,00000000,00000000,P0K 000,,,,,,,,,,,,,
299,M,00000000,00000000,P0L 000,,,,,,,,,,,,,
299,M,00000000,00000000,P0M 000,,,,,,,,,,,,,
299,M,00000000,00000000,P0N 000,,,,,,,,,,,,,
299,M,00000000,00000000,P0P 000,,,,,,,,,,,,,
299,M,00000000,00000000,P0R 000,,,,,,,,,,,,,
299,M,00000000,00000000,P0S 000,,,,,,,,,,,,,
299,M,00000000,00000000,P0T 000,,,,,,,,,,,,,
299,M,00000000,00000000,P0V 000,,,,,,,,,,,,,
299,M,00000000,00000000,P0W 000,,,,,,,,,,,,,
299,M,00000000,00000000,P0X 000,,,,,,,,,,,,,
299,M,00000000,00000000,P0Y 000,,,,,,,,,,,,,
299,M,00000000,00000000,P1A 000,,,,,,,,,,,,,
299,M,00000000,00000000,P1B 000,,,,,,,,,,,,,
299,M,00000000,00000000,P1C 000,,,,,,,,,,,,,
299,M,00000000,00000000,P1H 000,,,,,,,,,,,,,
299,M,00000000,00000000,P1L 000,,,,,,,,,,,,,
299,M,00000000,00000000,P1P 000,,,,,,,,,,,,,
299,M,00000000,00000000,P2A 000,,,,,,,,,,,,,
299,M,00000000,00000000,P2B 000,,,,,,,,,,,,,
299,M,00000000,00000000,P2N 000,,,,,,,,,,,,,
299,M,00000000,00000000,P3A 000,,,,,,,,,,,,,
299,M,00000000,00000000,P3B 000,,,,,,,,,,,,,
299,M,00000000,00000000,P3C 000,,,,,,,,,,,,,
299,M,00000000,00000000,P3E 000,,,,,,,,,,,,,
299,M,00000000,00000000,P3G 000,,,,,,,,,,,,,
299,M,00000000,00000000,P3L 000,,,,,,,,,,,,,
299,M,00000000,00000000,P3N 000,,,,,,,,,,,,,
299,M,00000000,00000000,P3P 000,,,,,,,,,,,,,
299,M,00000000,00000000,P3W 000,,,,,,,,,,,,,
299,M,00000000,00000000,P3Y 000,,,,,,,,,,,,,
299,M,00000000,00000000,P4N 000,,,,,,,,,,,,,
299,M,00000000,00000000,P4P 000,,,,,,,,,,,,,
299,M,00000000,00000000,P4R 000,,,,,,,,,,,,,
299,M,00000000,00000000,P5A 000,,,,,,,,,,,,,
299,M,00000000,00000000,P5E 000,,,,,,,,,,,,,
299,M,00000000,00000000,P5N 000,,,,,,,,,,,,,
299,M,00000000,00000000,P6A 000,,,,,,,,,,,,,
299,M,00000000,00000000,P6B 000,,,,,,,,,,,,,
299,M,00000000,00000000,P6C 000,,,,,,,,,,,,,
299,M,00000000,00000000,P7A 000,,,,,,,,,,,,,
299,M,00000000,00000000,P7B 000,,,,,,,,,,,,,
299,M,00000000,00000000,P7C 000,,,,,,,,,,,,,
299,M,00000000,00000000,P7E 000,,,,,,,,,,,,,
299,M,00000000,00000000,P7G 000,,,,,,,,,,,,,
299,M,00000000,00000000,P7J 000,,,,,,,,,,,,,
299,M,00000000,00000000,P7K 000,,,,,,,,,,,,,
299,M,00000000,00000000,P8N 000,,,,,,,,,,,,,
299,M,00000000,00000000,P8T 000,,,,,,,,,,,,,
299,M,00000000,00000000,P9A 000,,,,,,,,,,,,,
299,M,00000000,00000000,P9E 000,,,,,,,,,,,,,
299,M,00000000,00000000,P9N 000,,,,,,,,,,,,,
299,M,00000000,00000000,R0A 000,,,,,,,,,,,,,
299,M,00000000,00000000,R0B 000,,,,,,,,,,,,,
299,M,00000000,00000000,R0C 000,,,,,,,,,,,,,
299,M,00000000,00000000,R0E 000,,,,,,,,,,,,,
299,M,00000000,00000000,R0G 000,,,,,,,,,,,,,
299,M,00000000,00000000,R0H 000,,,,,,,,,,,,,
299,M,00000000,00000000,R0J 000,,,,,,,,,,,,,
299,M,00000000,00000000,R0K 000,,,,,,,,,,,,,
299,M,00000000,00000000,R0L 000,,,,,,,,,,,,,
299,M,00000000,00000000,R0M 000,,,,,,,,,,,,,
299,M,00000000,00000000,R1A 000,,,,,,,,,,,,,
299,M,00000000,00000000,R1N 000,,,,,,,,,,,,,
299,M,00000000,00000000,R2A 000,,,,,,,,,,,,,
299,M,00000000,00000000,R2C 000,,,,,,,,,,,,,
299,M,00000000,00000000,R2E 000,,,,,,,,,,,,,
299,M,00000000,00000000,R2G 000,,,,,,,,,,,,,
299,M,00000000,00000000,R2H 000,,,,,,,,,,,,,
299,M,00000000,00000000,R2J 000,,,,,,,,,,,,,
299,M,00000000,00000000,R2K 000,,,,,,,,,,,,,
299,M,00000000,00000000,R2L 000,,,,,,,,,,,,,
299,M,00000000,00000000,R2M 000,,,,,,,,,,,,,
299,M,00000000,00000000,R2N 000,,,,,,,,,,,,,
299,M,00000000,00000000,R2P 000,,,,,,,,,,,,,
299,M,00000000,00000000,R2R 000,,,,,,,,,,,,,
299,M,00000000,00000000,R2V 000,,,,,,,,,,,,,
299,M,00000000,00000000,R2W 000,,,,,,,,,,,,,
299,M,00000000,00000000,R2X 000,,,,,,,,,,,,,
299,M,00000000,00000000,R2Y 000,,,,,,,,,,,,,
299,M,00000000,00000000,R3A 000,,,,,,,,,,,,,
299,M,00000000,00000000,R3B 000,,,,,,,,,,,,,
299,M,00000000,00000000,R3C 000,,,,,,,,,,,,,
299,M,00000000,00000000,R3E 000,,,,,,,,,,,,,
299,M,00000000,00000000,R3G 000,,,,,,,,,,,,,
299,M,00000000,00000000,R3H 000,,,,,,,,,,,,,
299,M,00000000,00000000,R3J 000,,,,,,,,,,,,,
299,M,00000000,00000000,R3K 000,,,,,,,,,,,,,
299,M,00000000,00000000,R3L 000,,,,,,,,,,,,,
299,M,00000000,00000000,R3M 000,,,,,,,,,,,,,
299,M,00000000,00000000,R3N 000,,,,,,,,,,,,,
299,M,00000000,00000000,R3P 000,,,,,,,,,,,,,
299,M,00000000,00000000,R3R 000,,,,,,,,,,,,,
299,M,00000000,00000000,R3S 000,,,,,,,,,,,,,
299,M,00000000,00000000,R3T 000,,,,,,,,,,,,,
299,M,00000000,00000000,R3V 000,,,,,,,,,,,,,
299,M,00000000,00000000,R3W 000,,,,,,,,,,,,,
299,M,00000000,00000000,R3X 000,,,,,,,,,,,,,
299,M,00000000,00000000,R3Y 000,,,,,,,,,,,,,
299,M,00000000,00000000,R4A 000,,,,,,,,,,,,,
299,M,00000000,00000000,R4H 000,,,,,,,,,,,,,
299,M,00000000,00000000,R4J 000,,,,,,,,,,,,,
299,M,00000000,00000000,R4L 000,,,,,,,,,,,,,
299,M,00000000,00000000,R5A 000,,,,,,,,,,,,,
299,M,00000000,00000000,R5G 000,,,,,,,,,,,,,
299,M,00000000,00000000,R5H 000,,,,,,,,,,,,,
299,M,00000000,00000000,R6M 000,,,,,,,,,,,,,
299,M,00000000,00000000,R6W 000,,,,,,,,,,,,,
299,M,00000000,00000000,R7A 000,,,,,,,,,,,,,
299,M,00000000,00000000,R7B 000,,,,,,,,,,,,,
299,M,00000000,00000000,R7C 000,,,,,,,,,,,,,
299,M,00000000,00000000,R7M 000,,,,,,,,,,,,,
299,M,00000000,00000000,R7N 000,,,,,,,,,,,,,
299,M,00000000,00000000,R8A 000,,,,,,,,,,,,,
299,M,00000000,00000000,R8N 000,,,,,,,,,,,,,
299,M,00000000,00000000,R9A 000,,,,,,,,,,,,,
299,M,00000000,00000000,R9H 000,,,,,,,,,,,,,
299,M,00000000,00000000,S0A 000,,,,,,,,,,,,,
299,M,00000000,00000000,S0C 000,,,,,,,,,,,,,
299,M,00000000,00000000,S0E 000,,,,,,,,,,,,,
299,M,00000000,00000000,S0G 000,,,,,,,,,,,,,
299,M,00000000,00000000,S0H 000,,,,,,,,,,,,,
299,M,00000000,00000000,S0J 000,,,,,,,,,,,,,
299,M,00000000,00000000,S0K 000,,,,,,,,,,,,,
299,M,00000000,00000000,S0L 000,,,,,,,,,,,,,
299,M,00000000,00000000,S0M 000,,,,,,,,,,,,,
299,M,00000000,00000000,S0N 000,,,,,,,,,,,,,
299,M,00000000,00000000,S0P 000,,,,,,,,,,,,,
299,M,00000000,00000000,S0S 000,,,,,,,,,,,,,
299,M,00000000,00000000,S2A 000,,,,,,,,,,,,,
299,M,00000000,00000000,S3L 000,,,,,,,,,,,,,
299,M,00000000,00000000,S3N 000,,,,,,,,,,,,,
299,M,00000000,00000000,S4A 000,,,,,,,,,,,,,
299,M,00000000,00000000,S4B 000,,,,,,,,,,,,,
299,M,00000000,00000000,S4H 000,,,,,,,,,,,,,
299,M,00000000,00000000,S4L 000,,,,,,,,,,,,,
299,M,00000000,00000000,S4M 000,,,,,,,,,,,,,
299,M,00000000,00000000,S4N 000,,,,,,,,,,,,,
299,M,00000000,00000000,S4P 000,,,,,,,,,,,,,
299,M,00000000,00000000,S4R 000,,,,,,,,,,,,,
299,M,00000000,00000000,S4S 000,,,,,,,,,,,,,
299,M,00000000,00000000,S4T 000,,,,,,,,,,,,,
299,M,00000000,00000000,S4V 000,,,,,,,,,,,,,
299,M,00000000,00000000,S4W 000,,,,,,,,,,,,,
299,M,00000000,00000000,S4X 000,,,,,,,,,,,,,
299,M,00000000,00000000,S4Y 000,,,,,,,,,,,,,
299,M,00000000,00000000,S4Z 000,,,,,,,,,,,,,
299,M,00000000,00000000,S6H 000,,,,,,,,,,,,,
299,M,00000000,00000000,S6J 000,,,,,,,,,,,,,
299,M,00000000,00000000,S6K 000,,,,,,,,,,,,,
299,M,00000000,00000000,S6V 000,,,,,,,,,,,,,
299,M,00000000,00000000,S6W 000,,,,,,,,,,,,,
299,M,00000000,00000000,S6X 000,,,,,,,,,,,,,
299,M,00000000,00000000,S7H 000,,,,,,,,,,,,,
299,M,00000000,00000000,S7J 000,,,,,,,,,,,,,
299,M,00000000,00000000,S7K 000,,,,,,,,,,,,,
299,M,00000000,00000000,S7L 000,,,,,,,,,,,,,
299,M,00000000,00000000,S7M 000,,,,,,,,,,,,,
299,M,00000000,00000000,S7N 000,,,,,,,,,,,,,
299,M,00000000,00000000,S7P 000,,,,,,,,,,,,,
299,M,00000000,00000000,S7R 000,,,,,,,,,,,,,
299,M,00000000,00000000,S7S 000,,,,,,,,,,,,,
299,M,00000000,00000000,S7T 000,,,,,,,,,,,,,
299,M,00000000,00000000,S7V 000,,,,,,,,,,,,,
299,M,00000000,00000000,S7W 000,,,,,,,,,,,,,
299,M,00000000,00000000,S9A 000,,,,,,,,,,,,,
299,M,00000000,00000000,S9E 000,,,,,,,,,,,,,
299,M,00000000,00000000,S9H 000,,,,,,,,,,,,,
299,M,00000000,00000000,S9V 000,,,,,,,,,,,,,
299,M,00000000,00000000,S9X 000,,,,,,,,,,,,,
299,M,00000000,00000000,T0A 000,,,,,,,,,,,,,
299,M,00000000,00000000,T0B 000,,,,,,,,,,,,,
299,M,00000000,00000000,T0C 000,,,,,,,,,,,,,
299,M,00000000,00000000,T0E 000,,,,,,,,,,,,,
299,M,00000000,00000000,T0G 000,,,,,,,,,,,,,
299,M,00000000,00000000,T0H 000,,,,,,,,,,,,,
299,M,00000000,00000000,T0J 000,,,,,,,,,,,,,
299,M,00000000,00000000,T0K 000,,,,,,,,,,,,,
299,M,00000000,00000000,T0L 000,,,,,,,,,,,,,
299,M,00000000,00000000,T0M 000,,,,,,,,,,,,,
299,M,00000000,00000000,T0P 000,,,,,,,,,,,,,
299,M,00000000,00000000,T1A 000,,,,,,,,,,,,,
299,M,00000000,00000000,T1B 000,,,,,,,,,,,,,
299,M,00000000,00000000,T1C 000,,,,,,,,,,,,,
299,M,00000000,00000000,T1G 000,,,,,,,,,,,,,
299,M,00000000,00000000,T1H 000,,,,,,,,,,,,,
299,M,00000000,00000000,T1J 000,,,,,,,,,,,,,
299,M,00000000,00000000,T1K 000,,,,,,,,,,,,,
299,M,00000000,00000000,T1L 000,,,,,,,,,,,,,
299,M,00000000,00000000,T1M 000,,,,,,,,,,,,,
299,M,00000000,00000000,T1P 000,,,,,,,,,,,,,
299,M,00000000,00000000,T1R 000,,,,,,,,,,,,,
299,M,00000000,00000000,T1S 000,,,,,,,,,,,,,
299,M,00000000,00000000,T1V 000,,,,,,,,,,,,,
299,M,00000000,00000000,T1W 000,,,,,,,,,,,,,
299,M,00000000,00000000,T1X 000,,,,,,,,,,,,,
299,M,00000000,00000000,T1Y 000,,,,,,,,,,,,,
299,M,00000000,00000000,T2A 000,,,,,,,,,,,,,
299,M,00000000,00000000,T2B 000,,,,,,,,,,,,,
299,M,00000000,00000000,T2C 000,,,,,,,,,,,,,
299,M,00000000,00000000,T2E 000,,,,,,,,,,,,,
299,M,00000000,00000000,T2G 000,,,,,,,,,,,,,
299,M,00000000,00000000,T2H 000,,,,,,,,,,,,,
299,M,00000000,00000000,T2J 000,,,,,,,,,,,,,
299,M,00000000,00000000,T2K 000,,,,,,,,,,,,,
299,M,00000000,00000000,T2L 000,,,,,,,,,,,,,
299,M,00000000,00000000,T2M 000,,,,,,,,,,,,,
299,M,00000000,00000000,T2N 000,,,,,,,,,,,,,
299,M,00000000,00000000,T2P 000,,,,,,,,,,,,,
299,M,00000000,00000000,T2R 000,,,,,,,,,,,,,
299,M,00000000,00000000,T2S 000,,,,,,,,,,,,,
299,M,00000000,00000000,T2T 000,,,,,,,,,,,,,
299,M,00000000,00000000,T2V 000,,,,,,,,,,,,,
299,M,00000000,00000000,T2W 000,,,,,,,,,,,,,
299,M,00000000,00000000,T2X 000,,,,,,,,,,,,,
299,M,00000000,00000000,T2Y 000,,,,,,,,,,,,,
299,M,00000000,00000000,T2Z 000,,,,,,,,,,,,,
299,M,00000000,00000000,T3A 000,,,,,,,,,,,,,
299,M,00000000,00000000,T3B 000,,,,,,,,,,,,,
299,M,00000000,00000000,T3C 000,,,,,,,,,,,,,
299,M,00000000,00000000,T3E 000,,,,,,,,,,,,,
299,M,00000000,00000000,T3G 000,,,,,,,,,,,,,
299,M,00000000,00000000,T3H 000,,,,,,,,,,,,,
299,M,00000000,00000000,T3J 000,,,,,,,,,,,,,
299,M,00000000,00000000,T3K 000,,,,,,,,,,,,,
299,M,00000000,00000000,T3L 000,,,,,,,,,,,,,
299,M,00000000,00000000,T3M 000,,,,,,,,,,,,,
299,M,00000000,00000000,T3N 000,,,,,,,,,,,,,
299,M,00000000,00000000,T3P 000,,,,,,,,,,,,,
299,M,00000000,00000000,T3R 000,,,,,,,,,,,,,
299,M,00000000,00000000,T3Z 000,,,,,,,,,,,,,
299,M,00000000,00000000,T4A 000,,,,,,,,,,,,,
299,M,00000000,00000000,T4B 000,,,,,,,,,,,,,
299,M,00000000,00000000,T4C 000,,,,,,,,,,,,,
299,M,00000000,00000000,T4E 000,,,,,,,,,,,,,
299,M,00000000,00000000,T4G 000,,,,,,,,,,,,,
299,M,00000000,00000000,T4H 000,,,,,,,,,,,,,
299,M,00000000,00000000,T4J 000,,,,,,,,,,,,,
299,M,00000000,00000000,T4L 000,,,,,,,,,,,,,
299,M,00000000,00000000,T4N 000,,,,,,,,,,,,,
299,M,00000000,00000000,T4P 000,,,,,,,,,,,,,
299,M,00000000,00000000,T4R 000,,,,,,,,,,,,,
299,M,00000000,00000000,T4S 000,,,,,,,,,,,,,
299,M,00000000,00000000,T4T 000,,,,,,,,,,,,,
299,M,00000000,00000000,T4V 000,,,,,,,,,,,,,
299,M,00000000,00000000,T4W 000,,,,,,,,,,,,,
299,M,00000000,00000000,T4X 000,,,,,,,,,,,,,
299,M,00000000,00000000,T5A 000,,,,,,,,,,,,,
299,M,00000000,00000000,T5B 000,,,,,,,,,,,,,
299,M,00000000,00000000,T5C 000,,,,,,,,,,,,,
299,M,00000000,00000000,T5E 000,,,,,,,,,,,,,
299,M,00000000,00000000,T5G 000,,,,,,,,,,,,,
299,M,00000000,00000000,T5H 000,,,,,,,,,,,,,
299,M,00000000,00000000,T5J 000,,,,,,,,,,,,,
299,M,00000000,00000000,T5K 000,,,,,,,,,,,,,
299,M,00000000,00000000,T5L 000,,,,,,,,,,,,,
299,M,00000000,00000000,T5M 000,,,,,,,,,,,,,
299,M,00000000,00000000,T5N 000,,,,,,,,,,,,,
299,M,00000000,00000000,T5P 000,,,,,,,,,,,,,
299,M,00000000,00000000,T5R 000,,,,,,,,,,,,,
299,M,00000000,00000000,T5S 000,,,,,,,,,,,,,
299,M,00000000,00000000,T5T 000,,,,,,,,,,,,,
299,M,00000000,00000000,T5V 000,,,,,,,,,,,,,
299,M,00000000,00000000,T5W 000,,,,,,,,,,,,,
299,M,00000000,00000000,T5X 000,,,,,,,,,,,,,
299,M,00000000,00000000,T5Y 000,,,,,,,,,,,,,
299,M,00000000,00000000,T5Z 000,,,,,,,,,,,,,
299,M,00000000,00000000,T6A 000,,,,,,,,,,,,,
299,M,00000000,00000000,T6B 000,,,,,,,,,,,,,
299,M,00000000,00000000,T6C 000,,,,,,,,,,,,,
299,M,00000000,00000000,T6E 000,,,,,,,,,,,,,
299,M,00000000,00000000,T6G 000,,,,,,,,,,,,,
299,M,00000000,00000000,T6H 000,,,,,,,,,,,,,
299,M,00000000,00000000,T6J 000,,,,,,,,,,,,,
299,M,00000000,00000000,T6K 000,,,,,,,,,,,,,
299,M,00000000,00000000,T6L 000,,,,,,,,,,,,,
299,M,00000000,00000000,T6M 000,,,,,,,,,,,,,
299,M,00000000,00000000,T6N 000,,,,,,,,,,,,,
299,M,00000000,00000000,T6P 000,,,,,,,,,,,,,
299,M,00000000,00000000,T6R 000,,,,,,,,,,,,,
299,M,00000000,00000000,T6S 000,,,,,,,,,,,,,
299,M,00000000,00000000,T6T 000,,,,,,,,,,,,,
299,M,00000000,00000000,T6V 000,,,,,,,,,,,,,
299,M,00000000,00000000,T6W 000,,,,,,,,,,,,,
299,M,00000000,00000000,T6X 000,,,,,,,,,,,,,
299,M,00000000,00000000,T6Z 000,,,,,,,,,,,,,
299,M,00000000,00000000,T7A 000,,,,,,,,,,,,,
299,M,00000000,00000000,T7E 000,,,,,,,,,,,,,
299,M,00000000,00000000,T7N 000,,,,,,,,,,,,,
299,M,00000000,00000000,T7P 000,,,,,,,,,,,,,
299,M,00000000,00000000,T7S 000,,,,,,,,,,,,,
299,M,00000000,00000000,T7V 000,,,,,,,,,,,,,
299,M,00000000,00000000,T7X 000,,,,,,,,,,,,,
299,M,00000000,00000000,T7Y 000,,,,,,,,,,,,,
299,M,00000000,00000000,T7Z 000,,,,,,,,,,,,,
299,M,00000000,00000000,T8A 000,,,,,,,,,,,,,
299,M,00000000,00000000,T8B 000,,,,,,,,,,,,,
299,M,00000000,00000000,T8C 000,,,,,,,,,,,,,
299,M,00000000,00000000,T8E 000,,,,,,,,,,,,,
299,M,00000000,00000000,T8G 000,,,,,,,,,,,,,
299,M,00000000,00000000,T8H 000,,,,,,,,,,,,,
299,M,00000000,00000000,T8L 000,,,,,,,,,,,,,
299,M,00000000,00000000,T8N 000,,,,,,,,,,,,,
299,M,00000000,00000000,T8R 000,,,,,,,,,,,,,
299,M,00000000,00000000,T8S 000,,,,,,,,,,,,,
299,M,00000000,00000000,T8V 000,,,,,,,,,,,,,
299,M,00000000,00000000,T8W 000,,,,,,,,,,,,,
299,M,00000000,00000000,T8X 000,,,,,,,,,,,,,
299,M,00000000,00000000,T9A 000,,,,,,,,,,,,,
299,M,00000000,00000000,T9C 000,,,,,,,,,,,,,
299,M,00000000,00000000,T9E 000,,,,,,,,,,,,,
299,M,00000000,00000000,T9G 000,,,,,,,,,,,,,
299,M,00000000,00000000,T9H 000,,,,,,,,,,,,,
299,M,00000000,00000000,T9J 000,,,,,,,,,,,,,
299,M,00000000,00000000,T9K 000,,,,,,,,,,,,,
299,M,00000000,00000000,T9M 000,,,,,,,,,,,,,
299,M,00000000,00000000,T9N 000,,,,,,,,,,,,,
299,M,00000000,00000000,T9S 000,,,,,,,,,,,,,
299,M,00000000,00000000,T9V 000,,,,,,,,,,,,,
299,M,00000000,00000000,T9W 000,,,,,,,,,,,,,
299,M,00000000,00000000,T9X 000,,,,,,,,,,,,,
299,M,00000000,00000000,V0A 000,,,,,,,,,,,,,
299,M,00000000,00000000,V0B 000,,,,,,,,,,,,,
299,M,00000000,00000000,V0C 000,,,,,,,,,,,,,
299,M,00000000,00000000,V0E 000,,,,,,,,,,,,,
299,M,00000000,00000000,V0G 000,,,,,,,,,,,,,
299,M,00000000,00000000,V0H 000,,,,,,,,,,,,,
299,M,00000000,00000000,V0J 000,,,,,,,,,,,,,
299,M,00000000,00000000,V0K 000,,,,,,,,,,,,,
299,M,00000000,00000000,V0L 000,,,,,,,,,,,,,
299,M,00000000,00000000,V0M 000,,,,,,,,,,,,,
299,M,00000000,00000000,V0N 000,,,,,,,,,,,,,
299,M,00000000,00000000,V0P 000,,,,,,,,,,,,,
299,M,00000000,00000000,V0R 000,,,,,,,,,,,,,
299,M,00000000,00000000,V0S 000,,,,,,,,,,,,,
299,M,00000000,00000000,V0T 000,,,,,,,,,,,,,
299,M,00000000,00000000,V0V 000,,,,,,,,,,,,,
299,M,00000000,00000000,V0W 000,,,,,,,,,,,,,
299,M,00000000,00000000,V0X 000,,,,,,,,,,,,,
299,M,00000000,00000000,V1A 000,,,,,,,,,,,,,
299,M,00000000,00000000,V1B 000,,,,,,,,,,,,,
299,M,00000000,00000000,V1C 000,,,,,,,,,,,,,
299,M,00000000,00000000,V1E 000,,,,,,,,,,,,,
299,M,00000000,00000000,V1G 000,,,,,,,,,,,,,
299,M,00000000,00000000,V1H 000,,,,,,,,,,,,,
299,M,00000000,00000000,V1J 000,,,,,,,,,,,,,
299,M,00000000,00000000,V1K 000,,,,,,,,,,,,,
299,M,00000000,00000000,V1L 000,,,,,,,,,,,,,
299,M,00000000,00000000,V1M 000,,,,,,,,,,,,,
299,M,00000000,00000000,V1N 000,,,,,,,,,,,,,
299,M,00000000,00000000,V1P 000,,,,,,,,,,,,,
299,M,00000000,00000000,V1R 000,,,,,,,,,,,,,
299,M,00000000,00000000,V1S 000,,,,,,,,,,,,,
299,M,00000000,00000000,V1T 000,,,,,,,,,,,,,
299,M,00000000,00000000,V1V 000,,,,,,,,,,,,,
299,M,00000000,00000000,V1W 000,,,,,,,,,,,,,
299,M,00000000,00000000,V1X 000,,,,,,,,,,,,,
299,M,00000000,00000000,V1Y 000,,,,,,,,,,,,,
299,M,00000000,00000000,V1Z 000,,,,,,,,,,,,,
299,M,00000000,00000000,V2A 000,,,,,,,,,,,,,
299,M,00000000,00000000,V2B 000,,,,,,,,,,,,,
299,M,00000000,00000000,V2C 000,,,,,,,,,,,,,
299,M,00000000,00000000,V2E 000,,,,,,,,,,,,,
299,M,00000000,00000000,V2G 000,,,,,,,,,,,,,
299,M,00000000,00000000,V2H 000,,,,,,,,,,,,,
299,M,00000000,00000000,V2J 000,,,,,,,,,,,,,
299,M,00000000,00000000,V2K 000,,,,,,,,,,,,,
299,M,00000000,00000000,V2L 000,,,,,,,,,,,,,
299,M,00000000,00000000,V2M 000,,,,,,,,,,,,,
299,M,00000000,00000000,V2N 000,,,,,,,,,,,,,
299,M,00000000,00000000,V2P 000,,,,,,,,,,,,,
299,M,00000000,00000000,V2R 000,,,,,,,,,,,,,
299,M,00000000,00000000,V2S 000,,,,,,,,,,,,,
299,M,00000000,00000000,V2T 000,,,,,,,,,,,,,
299,M,00000000,00000000,V2V 000,,,,,,,,,,,,,
299,M,00000000,00000000,V2W 000,,,,,,,,,,,,,
299,M,00000000,00000000,V2X 000,,,,,,,,,,,,,
299,M,00000000,00000000,V2Y 000,,,,,,,,,,,,,
299,M,00000000,00000000,V2Z 000,,,,,,,,,,,,,
299,M,00000000,00000000,V3A 000,,,,,,,,,,,,,
299,M,00000000,00000000,V3B 000,,,,,,,,,,,,,
299,M,00000000,00000000,V3C 000,,,,,,,,,,,,,
299,M,00000000,00000000,V3E 000,,,,,,,,,,,,,
299,M,00000000,00000000,V3G 000,,,,,,,,,,,,,
299,M,00000000,00000000,V3H 000,,,,,,,,,,,,,
299,M,00000000,00000000,V3J 000,,,,,,,,,,,,,
299,M,00000000,00000000,V3K 000,,,,,,,,,,,,,
299,M,00000000,00000000,V3L 000,,,,,,,,,,,,,
299,M,00000000,00000000,V3M 000,,,,,,,,,,,,,
299,M,00000000,00000000,V3N 000,,,,,,,,,,,,,
299,M,00000000,00000000,V3P 000,,,,,,,,,,,,,
299,M,00000000,00000000,V3R 000,,,,,,,,,,,,,
299,M,00000000,00000000,V3S 000,,,,,,,,,,,,,
299,M,00000000,00000000,V3T 000,,,,,,,,,,,,,
299,M,00000000,00000000,V3V 000,,,,,,,,,,,,,
299,M,00000000,00000000,V3W 000,,,,,,,,,,,,,
299,M,00000000,00000000,V3X 000,,,,,,,,,,,,,
299,M,00000000,00000000,V3Y 000,,,,,,,,,,,,,
299,M,00000000,00000000,V3Z 000,,,,,,,,,,,,,
299,M,00000000,00000000,V4A 000,,,,,,,,,,,,,
299,M,00000000,00000000,V4B 000,,,,,,,,,,,,,
299,M,00000000,00000000,V4C 000,,,,,,,,,,,,,
299,M,00000000,00000000,V4E 000,,,,,,,,,,,,,
299,M,00000000,00000000,V4G 000,,,,,,,,,,,,,
299,M,00000000,00000000,V4K 000,,,,,,,,,,,,,
299,M,00000000,00000000,V4L 000,,,,,,,,,,,,,
299,M,00000000,00000000,V4M 000,,,,,,,,,,,,,
299,M,00000000,00000000,V4N 000,,,,,,,,,,,,,
299,M,00000000,00000000,V4P 000,,,,,,,,,,,,,
299,M,00000000,00000000,V4R 000,,,,,,,,,,,,,
299,M,00000000,00000000,V4S 000,,,,,,,,,,,,,
299,M,00000000,00000000,V4T 000,,,,,,,,,,,,,
299,M,00000000,00000000,V4V 000,,,,,,,,,,,,,
299,M,00000000,00000000,V4W 000,,,,,,,,,,,,,
299,M,00000000,00000000,V4X 000,,,,,,,,,,,,,
299,M,00000000,00000000,V5A 000,,,,,,,,,,,,,
299,M,00000000,00000000,V5B 000,,,,,,,,,,,,,
299,M,00000000,00000000,V5C 000,,,,,,,,,,,,,
299,M,00000000,00000000,V5E 000,,,,,,,,,,,,,
299,M,00000000,00000000,V5G 000,,,,,,,,,,,,,
299,M,00000000,00000000,V5H 000,,,,,,,,,,,,,
299,M,00000000,00000000,V5J 000,,,,,,,,,,,,,
299,M,00000000,00000000,V5K 000,,,,,,,,,,,,,
299,M,00000000,00000000,V5L 000,,,,,,,,,,,,,
299,M,00000000,00000000,V5M 000,,,,,,,,,,,,,
299,M,00000000,00000000,V5N 000,,,,,,,,,,,,,
299,M,00000000,00000000,V5P 000,,,,,,,,,,,,,
299,M,00000000,00000000,V5R 000,,,,,,,,,,,,,
299,M,00000000,00000000,V5S 000,,,,,,,,,,,,,
299,M,00000000,00000000,V5T 000,,,,,,,,,,,,,
299,M,00000000,00000000,V5V 000,,,,,,,,,,,,,
299,M,00000000,00000000,V5W 000,,,,,,,,,,,,,
299,M,00000000,00000000,V5X 000,,,,,,,,,,,,,
299,M,00000000,00000000,V5Y 000,,,,,,,,,,,,,
299,M,00000000,00000000,V5Z 000,,,,,,,,,,,,,
299,M,00000000,00000000,V6A 000,,,,,,,,,,,,,
299,M,00000000,00000000,V6B 000,,,,,,,,,,,,,
299,M,00000000,00000000,V6C 000,,,,,,,,,,,,,
299,M,00000000,00000000,V6E 000,,,,,,,,,,,,,
299,M,00000000,00000000,V6G 000,,,,,,,,,,,,,
299,M,00000000,00000000,V6H 000,,,,,,,,,,,,,
299,M,00000000,00000000,V6J 000,,,,,,,,,,,,,
299,M,00000000,00000000,V6K 000,,,,,,,,,,,,,
299,M,00000000,00000000,V6L 000,,,,,,,,,,,,,
299,M,00000000,00000000,V6M 000,,,,,,,,,,,,,
299,M,00000000,00000000,V6N 000,,,,,,,,,,,,,
299,M,00000000,00000000,V6P 000,,,,,,,,,,,,,
299,M,00000000,00000000,V6R 000,,,,,,,,,,,,,
299,M,00000000,00000000,V6S 000,,,,,,,,,,,,,
299,M,00000000,00000000,V6T 000,,,,,,,,,,,,,
299,M,00000000,00000000,V6V 000,,,,,,,,,,,,,
299,M,00000000,00000000,V6W 000,,,,,,,,,,,,,
299,M,00000000,00000000,V6X 000,,,,,,,,,,,,,
299,M,00000000,00000000,V6Y 000,,,,,,,,,,,,,
299,M,00000000,00000000,V6Z 000,,,,,,,,,,,,,
299,M,00000000,00000000,V7A 000,,,,,,,,,,,,,
299,M,00000000,00000000,V7B 000,,,,,,,,,,,,,
299,M,00000000,00000000,V7C 000,,,,,,,,,,,,,
299,M,00000000,00000000,V7E 000,,,,,,,,,,,,,
299,M,00000000,00000000,V7G 000,,,,,,,,,,,,,
299,M,00000000,00000000,V7H 000,,,,,,,,,,,,,
299,M,00000000,00000000,V7J 000,,,,,,,,,,,,,
299,M,00000000,00000000,V7K 000,,,,,,,,,,,,,
299,M,00000000,00000000,V7L 000,,,,,,,,,,,,,
299,M,00000000,00000000,V7M 000,,,,,,,,,,,,,
299,M,00000000,00000000,V7N 000,,,,,,,,,,,,,
299,M,00000000,00000000,V7P 000,,,,,,,,,,,,,
299,M,00000000,00000000,V7R 000,,,,,,,,,,,,,
299,M,00000000,00000000,V7S 000,,,,,,,,,,,,,
299,M,00000000,00000000,V7T 000,,,,,,,,,,,,,
299,M,00000000,00000000,V7V 000,,,,,,,,,,,,,
299,M,00000000,00000000,V7W 000,,,,,,,,,,,,,
299,M,00000000,00000000,V7X 000,,,,,,,,,,,,,
299,M,00000000,00000000,V7Y 000,,,,,,,,,,,,,
299,M,00000000,00000000,V8A 000,,,,,,,,,,,,,
299,M,00000000,00000000,V8B 000,,,,,,,,,,,,,
299,M,00000000,00000000,V8C 000,,,,,,,,,,,,,
299,M,00000000,00000000,V8G 000,,,,,,,,,,,,,
299,M,00000000,00000000,V8J 000,,,,,,,,,,,,,
299,M,00000000,00000000,V8K 000,,,,,,,,,,,,,
299,M,00000000,00000000,V8L 000,,,,,,,,,,,,,
299,M,00000000,00000000,V8M 000,,,,,,,,,,,,,
299,M,00000000,00000000,V8N 000,,,,,,,,,,,,,
299,M,00000000,00000000,V8P 000,,,,,,,,,,,,,
299,M,00000000,00000000,V8R 000,,,,,,,,,,,,,
299,M,00000000,00000000,V8S 000,,,,,,,,,,,,,
299,M,00000000,00000000,V8T 000,,,,,,,,,,,,,
299,M,00000000,00000000,V8V 000,,,,,,,,,,,,,
299,M,00000000,00000000,V8W 000,,,,,,,,,,,,,
299,M,00000000,00000000,V8X 000,,,,,,,,,,,,,
299,M,00000000,00000000,V8Y 000,,,,,,,,,,,,,
299,M,00000000,00000000,V8Z 000,,,,,,,,,,,,,
299,M,00000000,00000000,V9A 000,,,,,,,,,,,,,
299,M,00000000,00000000,V9B 000,,,,,,,,,,,,,
299,M,00000000,00000000,V9C 000,,,,,,,,,,,,,
299,M,00000000,00000000,V9E 000,,,,,,,,,,,,,
299,M,00000000,00000000,V9G 000,,,,,,,,,,,,,
299,M,00000000,00000000,V9H 000,,,,,,,,,,,,,
299,M,00000000,00000000,V9J 000,,,,,,,,,,,,,
299,M,00000000,00000000,V9K 000,,,,,,,,,,,,,
299,M,00000000,00000000,V9L 000,,,,,,,,,,,,,
299,M,00000000,00000000,V9M 000,,,,,,,,,,,,,
299,M,00000000,00000000,V9N 000,,,,,,,,,,,,,
299,M,00000000,00000000,V9P 000,,,,,,,,,,,,,
299,M,00000000,00000000,V9R 000,,,,,,,,,,,,,
299,M,00000000,00000000,V9S 000,,,,,,,,,,,,,
299,M,00000000,00000000,V9T 000,,,,,,,,,,,,,
299,M,00000000,00000000,V9V 000,,,,,,,,,,,,,
299,M,00000000,00000000,V9W 000,,,,,,,,,,,,,
299,M,00000000,00000000,V9X 000,,,,,,,,,,,,,
299,M,00000000,00000000,V9Y 000,,,,,,,,,,,,,
299,M,00000000,00000000,V9Z 000,,,,,,,,,,,,,
299,M,00000000,00000000,W5Z 000,,,,,,,,,,,,,
299,M,00000000,00000000,X0A 000,,,,,,,,,,,,,
299,M,00000000,00000000,X0B 000,,,,,,,,,,,,,
299,M,00000000,00000000,X0C 000,,,,,,,,,,,,,
299,M,00000000,00000000,X0E 000,,,,,,,,,,,,,
299,M,00000000,00000000,X0G 000,,,,,,,,,,,,,
299,M,00000000,00000000,X0H 000,,,,,,,,,,,,,
299,M,00000000,00000000,X1A 000,,,,,,,,,,,,,
299,M,00000000,00000000,Y0A 000,,,,,,,,,,,,,
299,M,00000000,00000000,Y0B 000,,,,,,,,,,,,,
299,M,00000000,00000000,Y0E 000,,,,,,,,,,,,,
299,M,00000000,00000000,Y1A 000,,,,,,,,,,,,,
299,M,00000000,00000000,Z1Z 000,,,,,,,,,,,,,
299,M,00000000,00000000,Z9Z 000,,,,,,,,,,,,,
